timestamp,Above $100000.00
2026-01-06T22:13:00Z,55.00
2026-01-07T02:00:00Z,44.00
2026-01-07T02:04:00Z,51.00
2026-01-07T03:03:00Z,47.00
2026-01-07T03:13:00Z,54.00
2026-01-07T03:34:00Z,53.00
2026-01-07T03:56:00Z,53.00
2026-01-07T07:16:00Z,52.00
2026-01-07T10:10:00Z,46.00
2026-01-07T12:12:00Z,48.00
2026-01-07T12:51:00Z,42.00
2026-01-07T15:39:00Z,42.00
2026-01-07T15:48:00Z,42.00
2026-01-07T15:52:00Z,42.00
2026-01-07T16:00:00Z,43.00
2026-01-07T16:01:00Z,42.00
2026-01-07T16:10:00Z,42.00
2026-01-07T16:44:00Z,42.00
2026-01-07T16:59:00Z,43.00
2026-01-07T17:22:00Z,40.00
2026-01-07T17:31:00Z,42.00
2026-01-07T18:45:00Z,41.00
2026-01-07T19:54:00Z,37.00
2026-01-07T20:27:00Z,37.00
2026-01-07T21:19:00Z,35.00
2026-01-07T23:12:00Z,34.00
2026-01-08T00:03:00Z,35.00
2026-01-08T00:08:00Z,35.00
2026-01-08T00:11:00Z,35.00
2026-01-08T01:59:00Z,37.00
2026-01-08T02:00:00Z,37.00
2026-01-08T02:33:00Z,36.00
2026-01-08T02:58:00Z,34.00
2026-01-08T02:59:00Z,34.00
2026-01-08T04:21:00Z,36.00
2026-01-08T04:23:00Z,36.00
2026-01-08T06:52:00Z,34.00
2026-01-08T12:22:00Z,28.00
2026-01-08T12:40:00Z,26.02
2026-01-08T13:37:00Z,26.02
2026-01-08T14:29:00Z,26.66
2026-01-08T16:16:00Z,29.11
2026-01-08T17:40:00Z,31.00
2026-01-08T17:49:00Z,33.00
2026-01-08T18:25:00Z,34.00
2026-01-08T19:19:00Z,33.00
2026-01-08T22:19:00Z,31.00
2026-01-08T22:38:00Z,33.84
2026-01-09T00:14:00Z,35.00
2026-01-09T00:27:00Z,35.00
2026-01-09T01:27:00Z,31.48
2026-01-09T01:44:00Z,33.15
2026-01-09T02:14:00Z,34.00
2026-01-09T03:31:00Z,33.00
2026-01-09T03:46:00Z,34.78
2026-01-09T05:18:00Z,33.00
2026-01-09T08:38:00Z,32.00
2026-01-09T13:37:00Z,28.18
2026-01-09T15:29:00Z,28.00
2026-01-09T15:30:00Z,29.03
2026-01-09T17:17:00Z,31.00
2026-01-09T17:18:00Z,31.00
2026-01-09T18:26:00Z,31.00
2026-01-09T18:32:00Z,29.00
2026-01-09T19:26:00Z,27.00
2026-01-09T22:21:00Z,26.03
2026-01-09T22:58:00Z,24.15
2026-01-09T23:35:00Z,28.00
2026-01-10T00:02:00Z,28.90
2026-01-10T01:15:00Z,27.00
2026-01-10T01:20:00Z,28.13
2026-01-10T01:47:00Z,29.00
2026-01-10T01:53:00Z,29.00
2026-01-10T01:54:00Z,29.00
2026-01-10T02:03:00Z,29.00
2026-01-10T02:42:00Z,25.20
2026-01-10T03:23:00Z,27.00
2026-01-10T06:09:00Z,28.00
2026-01-10T06:25:00Z,28.00
2026-01-10T06:32:00Z,27.00
2026-01-10T07:34:00Z,26.00
2026-01-10T07:42:00Z,27.00
2026-01-10T08:56:00Z,25.37
2026-01-10T12:56:00Z,27.00
2026-01-10T13:13:00Z,27.00
2026-01-10T14:24:00Z,26.00
2026-01-10T14:26:00Z,26.00
2026-01-10T15:57:00Z,25.00
2026-01-10T16:05:00Z,26.00
2026-01-10T17:14:00Z,25.00
2026-01-10T19:47:00Z,26.00
2026-01-10T21:06:00Z,27.00
2026-01-10T21:42:00Z,26.00
2026-01-10T22:00:00Z,26.00
2026-01-10T23:09:00Z,26.00
2026-01-10T23:40:00Z,27.00
2026-01-10T23:43:00Z,26.00
2026-01-11T00:29:00Z,27.00
2026-01-11T00:35:00Z,26.00
2026-01-11T01:46:00Z,27.00
2026-01-11T05:49:00Z,28.00
2026-01-11T06:22:00Z,28.00
2026-01-11T06:29:00Z,29.00
2026-01-11T07:33:00Z,28.00
2026-01-11T13:45:00Z,28.00
2026-01-11T15:08:00Z,27.00
2026-01-11T15:29:00Z,28.00
2026-01-11T15:38:00Z,28.00
2026-01-11T17:02:00Z,28.50
2026-01-11T17:19:00Z,29.00
2026-01-11T18:52:00Z,29.00
2026-01-11T20:06:00Z,29.00
2026-01-11T20:13:00Z,28.00
2026-01-11T20:19:00Z,27.00
2026-01-11T20:43:00Z,26.00
2026-01-11T22:00:00Z,28.00
2026-01-11T22:05:00Z,28.00
2026-01-11T22:09:00Z,27.00
2026-01-11T22:18:00Z,27.00
2026-01-11T22:23:00Z,26.00
2026-01-11T22:28:00Z,25.91
2026-01-11T22:31:00Z,26.00
2026-01-11T22:33:00Z,27.00
2026-01-11T23:24:00Z,23.17
2026-01-11T23:35:00Z,23.06
2026-01-12T02:22:00Z,30.00
2026-01-12T03:11:00Z,30.00
2026-01-12T03:17:00Z,33.00
2026-01-12T03:29:00Z,34.00
2026-01-12T03:34:00Z,34.00
2026-01-12T03:44:00Z,35.00
2026-01-12T04:01:00Z,33.00
2026-01-12T04:07:00Z,32.87
2026-01-12T04:25:00Z,35.00
2026-01-12T04:32:00Z,35.00
2026-01-12T04:58:00Z,34.00
2026-01-12T05:10:00Z,34.00
2026-01-12T05:27:00Z,34.00
2026-01-12T05:42:00Z,34.00
2026-01-12T05:47:00Z,34.00
2026-01-12T06:28:00Z,33.00
2026-01-12T06:44:00Z,34.00
2026-01-12T06:50:00Z,34.00
2026-01-12T07:15:00Z,34.00
2026-01-12T07:29:00Z,34.00
2026-01-12T07:47:00Z,32.00
2026-01-12T08:01:00Z,31.00
2026-01-12T08:37:00Z,29.00
2026-01-12T13:41:00Z,24.96
2026-01-12T14:41:00Z,25.00
2026-01-12T15:42:00Z,26.00
2026-01-12T15:59:00Z,26.00
2026-01-12T17:02:00Z,29.00
2026-01-12T17:14:00Z,29.00
2026-01-12T17:15:00Z,30.76
2026-01-12T18:07:00Z,27.50
2026-01-12T18:31:00Z,28.00
2026-01-12T18:52:00Z,28.00
2026-01-12T19:32:00Z,27.00
2026-01-12T21:08:00Z,24.42
2026-01-12T21:39:00Z,23.48
2026-01-12T21:56:00Z,27.00
2026-01-12T22:12:00Z,26.00
2026-01-12T22:14:00Z,26.00
2026-01-12T22:27:00Z,27.00
2026-01-12T22:47:00Z,27.00
2026-01-12T23:19:00Z,23.00
2026-01-12T23:52:00Z,23.00
2026-01-13T00:05:00Z,25.68
2026-01-13T00:11:00Z,26.00
2026-01-13T00:27:00Z,26.00
2026-01-13T00:38:00Z,26.00
2026-01-13T00:58:00Z,26.32
2026-01-13T01:42:00Z,27.00
2026-01-13T02:00:00Z,22.00
2026-01-13T02:07:00Z,27.00
2026-01-13T02:25:00Z,27.00
2026-01-13T03:43:00Z,22.50
2026-01-13T03:53:00Z,27.00
2026-01-13T04:16:00Z,27.27
2026-01-13T05:41:00Z,26.00
2026-01-13T05:47:00Z,27.09
2026-01-13T07:27:00Z,27.00
2026-01-13T07:31:00Z,27.00
2026-01-13T09:25:00Z,31.50
2026-01-13T09:34:00Z,35.00
2026-01-13T10:07:00Z,34.00
2026-01-13T11:54:00Z,30.00
2026-01-13T12:09:00Z,26.00
2026-01-13T12:12:00Z,30.78
2026-01-13T12:29:00Z,31.00
2026-01-13T12:41:00Z,26.00
2026-01-13T13:31:00Z,28.00
2026-01-13T13:47:00Z,26.00
2026-01-13T14:02:00Z,29.00
2026-01-13T14:37:00Z,28.00
2026-01-13T14:41:00Z,29.00
2026-01-13T14:54:00Z,31.00
2026-01-13T14:56:00Z,31.00
2026-01-13T15:04:00Z,30.00
2026-01-13T15:24:00Z,30.00
2026-01-13T15:28:00Z,30.00
2026-01-13T15:35:00Z,30.00
2026-01-13T15:39:00Z,34.66
2026-01-13T15:45:00Z,33.40
2026-01-13T15:46:00Z,33.63
2026-01-13T15:59:00Z,35.00
2026-01-13T16:19:00Z,34.32
2026-01-13T16:23:00Z,37.00
2026-01-13T16:28:00Z,34.00
2026-01-13T16:39:00Z,36.00
2026-01-13T16:54:00Z,39.98
2026-01-13T16:56:00Z,40.00
2026-01-13T17:00:00Z,40.60
2026-01-13T17:18:00Z,39.00
2026-01-13T17:46:00Z,38.00
2026-01-13T17:49:00Z,40.00
2026-01-13T17:56:00Z,39.00
2026-01-13T18:26:00Z,42.26
2026-01-13T18:38:00Z,38.00
2026-01-13T18:47:00Z,42.78
2026-01-13T18:49:00Z,43.00
2026-01-13T18:57:00Z,43.00
2026-01-13T19:21:00Z,37.15
2026-01-13T19:22:00Z,38.00
2026-01-13T19:24:00Z,41.00
2026-01-13T19:42:00Z,44.50
2026-01-13T20:30:00Z,47.00
2026-01-13T20:38:00Z,48.00
2026-01-13T20:47:00Z,46.00
2026-01-13T20:58:00Z,47.00
2026-01-13T21:01:00Z,45.35
2026-01-13T21:03:00Z,47.00
2026-01-13T21:05:00Z,47.54
2026-01-13T21:30:00Z,45.01
2026-01-13T21:31:00Z,44.00
2026-01-13T21:41:00Z,44.00
2026-01-13T21:46:00Z,43.00
2026-01-13T21:48:00Z,43.00
2026-01-13T21:50:00Z,43.00
2026-01-13T21:57:00Z,45.00
2026-01-13T22:11:00Z,54.09
2026-01-13T22:17:00Z,52.00
2026-01-13T22:19:00Z,57.00
2026-01-13T22:24:00Z,54.01
2026-01-13T22:32:00Z,57.00
2026-01-13T22:40:00Z,57.00
2026-01-13T22:47:00Z,59.95
2026-01-13T22:55:00Z,61.77
2026-01-13T23:05:00Z,57.00
2026-01-13T23:06:00Z,62.88
2026-01-13T23:23:00Z,61.00
2026-01-13T23:27:00Z,58.50
2026-01-13T23:29:00Z,54.30
2026-01-13T23:36:00Z,57.00
2026-01-14T00:04:00Z,58.00
2026-01-14T00:28:00Z,58.28
2026-01-14T00:29:00Z,56.00
2026-01-14T00:38:00Z,56.00
2026-01-14T01:06:00Z,57.00
2026-01-14T01:47:00Z,57.00
2026-01-14T01:58:00Z,55.00
2026-01-14T02:18:00Z,53.00
2026-01-14T03:05:00Z,54.00
2026-01-14T03:15:00Z,54.00
2026-01-14T03:18:00Z,53.00
2026-01-14T03:24:00Z,54.63
2026-01-14T03:30:00Z,52.00
2026-01-14T03:36:00Z,53.00
2026-01-14T03:43:00Z,55.00
2026-01-14T03:44:00Z,59.67
2026-01-14T04:42:00Z,56.00
2026-01-14T05:02:00Z,51.00
2026-01-14T05:03:00Z,51.00
2026-01-14T05:23:00Z,57.00
2026-01-14T05:29:00Z,51.31
2026-01-14T05:40:00Z,56.00
2026-01-14T05:54:00Z,55.00
2026-01-14T06:12:00Z,51.00
2026-01-14T06:13:00Z,50.00
2026-01-14T06:14:00Z,52.09
2026-01-14T06:20:00Z,52.00
2026-01-14T06:25:00Z,49.15
2026-01-14T06:26:00Z,52.00
2026-01-14T06:33:00Z,50.94
2026-01-14T06:35:00Z,50.00
2026-01-14T06:59:00Z,54.91
2026-01-14T11:40:00Z,48.30
2026-01-14T12:14:00Z,50.00
2026-01-14T12:15:00Z,50.00
2026-01-14T12:16:00Z,51.00
2026-01-14T12:17:00Z,51.00
2026-01-14T12:24:00Z,51.00
2026-01-14T13:10:00Z,52.00
2026-01-14T13:27:00Z,52.00
2026-01-14T13:53:00Z,52.00
2026-01-14T13:59:00Z,52.01
2026-01-14T14:00:00Z,53.00
2026-01-14T14:42:00Z,54.00
2026-01-14T14:44:00Z,54.00
2026-01-14T14:47:00Z,55.00
2026-01-14T14:53:00Z,63.00
2026-01-14T14:57:00Z,65.00
2026-01-14T15:02:00Z,66.96
2026-01-14T15:19:00Z,66.95
2026-01-14T15:24:00Z,70.62
2026-01-14T15:27:00Z,69.00
2026-01-14T16:07:00Z,69.00
2026-01-14T16:08:00Z,68.00
2026-01-14T16:21:00Z,69.00
2026-01-14T16:22:00Z,72.00
2026-01-14T16:23:00Z,75.71
2026-01-14T16:32:00Z,75.00
2026-01-14T16:36:00Z,74.00
2026-01-14T16:42:00Z,74.30
2026-01-14T16:45:00Z,74.00
2026-01-14T17:02:00Z,74.00
2026-01-14T17:10:00Z,74.00
2026-01-14T17:14:00Z,75.40
2026-01-14T17:16:00Z,76.00
2026-01-14T17:19:00Z,74.30
2026-01-14T17:35:00Z,75.73
2026-01-14T17:36:00Z,74.00
2026-01-14T17:37:00Z,70.00
2026-01-14T17:45:00Z,69.00
2026-01-14T17:56:00Z,67.00
2026-01-14T18:06:00Z,69.00
2026-01-14T18:11:00Z,68.00
2026-01-14T18:22:00Z,67.37
2026-01-14T19:05:00Z,69.85
2026-01-14T19:06:00Z,65.00
2026-01-14T19:30:00Z,71.00
2026-01-14T19:33:00Z,71.94
2026-01-14T19:36:00Z,72.00
2026-01-14T19:42:00Z,72.00
2026-01-14T19:50:00Z,72.00
2026-01-14T19:55:00Z,72.62
2026-01-14T20:05:00Z,72.00
2026-01-14T20:08:00Z,72.00
2026-01-14T20:12:00Z,73.00
2026-01-14T20:22:00Z,76.00
2026-01-14T20:41:00Z,77.00
2026-01-14T20:42:00Z,74.83
2026-01-14T20:44:00Z,75.00
2026-01-14T21:04:00Z,75.00
2026-01-14T21:30:00Z,75.00
2026-01-14T21:52:00Z,74.00
2026-01-14T22:06:00Z,75.00
2026-01-14T22:09:00Z,74.00
2026-01-14T22:22:00Z,74.00
2026-01-14T22:23:00Z,74.69
2026-01-14T22:40:00Z,74.00
2026-01-14T23:07:00Z,68.00
2026-01-14T23:51:00Z,69.00
2026-01-14T23:55:00Z,68.00
2026-01-15T00:01:00Z,67.00
2026-01-15T00:30:00Z,67.00
2026-01-15T00:57:00Z,64.07
2026-01-15T01:02:00Z,65.00
2026-01-15T01:10:00Z,70.39
2026-01-15T01:13:00Z,70.00
2026-01-15T01:30:00Z,68.00
2026-01-15T01:40:00Z,65.00
2026-01-15T01:48:00Z,65.00
2026-01-15T01:55:00Z,66.00
2026-01-15T02:05:00Z,64.00
2026-01-15T02:13:00Z,65.00
2026-01-15T02:38:00Z,65.00
2026-01-15T02:44:00Z,63.00
2026-01-15T02:50:00Z,62.00
2026-01-15T03:38:00Z,61.00
2026-01-15T03:42:00Z,60.00
2026-01-15T03:44:00Z,59.00
2026-01-15T03:45:00Z,57.00
2026-01-15T04:06:00Z,59.00
2026-01-15T04:07:00Z,58.00
2026-01-15T04:14:00Z,61.00
2026-01-15T04:28:00Z,61.00
2026-01-15T05:13:00Z,62.00
2026-01-15T06:29:00Z,63.00
2026-01-15T06:31:00Z,63.00
2026-01-15T06:36:00Z,63.57
2026-01-15T07:52:00Z,63.00
2026-01-15T10:01:00Z,63.00
2026-01-15T10:13:00Z,64.00
2026-01-15T11:08:00Z,62.49
2026-01-15T13:04:00Z,64.00
2026-01-15T13:08:00Z,64.00
2026-01-15T13:42:00Z,64.00
2026-01-15T13:48:00Z,64.65
2026-01-15T14:03:00Z,66.34
2026-01-15T14:04:00Z,68.00
2026-01-15T14:05:00Z,68.00
2026-01-15T14:23:00Z,69.00
2026-01-15T14:37:00Z,65.00
2026-01-15T14:41:00Z,62.00
2026-01-15T14:46:00Z,62.00
2026-01-15T14:47:00Z,60.06
2026-01-15T14:48:00Z,59.00
2026-01-15T15:10:00Z,60.00
2026-01-15T15:11:00Z,60.97
2026-01-15T15:40:00Z,58.00
2026-01-15T15:59:00Z,57.00
2026-01-15T16:00:00Z,60.00
2026-01-15T16:10:00Z,58.00
2026-01-15T16:25:00Z,60.00
2026-01-15T16:44:00Z,62.00
2026-01-15T16:51:00Z,62.00
2026-01-15T17:24:00Z,62.00
2026-01-15T17:37:00Z,61.00
2026-01-15T17:43:00Z,62.40
2026-01-15T18:12:00Z,61.00
2026-01-15T18:41:00Z,60.00
2026-01-15T18:42:00Z,59.00
2026-01-15T18:54:00Z,56.00
2026-01-15T19:05:00Z,56.00
2026-01-15T19:14:00Z,56.00
2026-01-15T19:27:00Z,56.00
2026-01-15T19:28:00Z,57.00
2026-01-15T19:32:00Z,56.00
2026-01-15T19:34:00Z,55.00
2026-01-15T19:38:00Z,54.68
2026-01-15T19:41:00Z,52.88
2026-01-15T20:01:00Z,52.00
2026-01-15T20:02:00Z,52.00
2026-01-15T20:15:00Z,54.58
2026-01-15T20:42:00Z,53.00
2026-01-15T20:44:00Z,53.00
2026-01-15T20:52:00Z,53.00
2026-01-15T21:10:00Z,53.00
2026-01-15T21:13:00Z,53.00
2026-01-15T21:16:00Z,54.00
2026-01-15T21:21:00Z,54.00
2026-01-15T21:24:00Z,53.00
2026-01-15T21:25:00Z,53.00
2026-01-15T21:46:00Z,54.00
2026-01-15T21:49:00Z,52.60
2026-01-15T21:56:00Z,52.00
2026-01-15T22:14:00Z,52.00
2026-01-15T22:19:00Z,53.00
2026-01-15T22:20:00Z,52.00
2026-01-15T22:34:00Z,53.00
2026-01-15T22:35:00Z,54.00
2026-01-15T22:37:00Z,56.00
2026-01-15T22:40:00Z,55.67
2026-01-15T22:43:00Z,54.00
2026-01-15T22:58:00Z,52.11
2026-01-15T23:03:00Z,57.00
2026-01-15T23:06:00Z,57.00
2026-01-15T23:07:00Z,57.19
2026-01-15T23:18:00Z,58.00
2026-01-15T23:21:00Z,56.00
2026-01-15T23:24:00Z,52.03
2026-01-15T23:25:00Z,52.00
2026-01-15T23:45:00Z,52.00
2026-01-15T23:55:00Z,51.00
2026-01-16T00:05:00Z,52.00
2026-01-16T00:09:00Z,52.00
2026-01-16T00:12:00Z,51.00
2026-01-16T00:21:00Z,52.00
2026-01-16T00:28:00Z,52.00
2026-01-16T00:30:00Z,52.00
2026-01-16T00:37:00Z,52.00
2026-01-16T00:45:00Z,52.00
2026-01-16T00:55:00Z,55.00
2026-01-16T00:58:00Z,55.00
2026-01-16T01:05:00Z,55.00
2026-01-16T01:06:00Z,52.00
2026-01-16T01:26:00Z,52.00
2026-01-16T01:28:00Z,52.00
2026-01-16T01:45:00Z,51.03
2026-01-16T03:00:00Z,51.41
2026-01-16T03:04:00Z,52.00
2026-01-16T03:13:00Z,52.43
2026-01-16T03:16:00Z,52.00
2026-01-16T03:43:00Z,52.00
2026-01-16T03:51:00Z,51.00
2026-01-16T04:09:00Z,50.00
2026-01-16T04:15:00Z,50.00
2026-01-16T04:30:00Z,50.00
2026-01-16T04:33:00Z,50.00
2026-01-16T04:59:00Z,48.00
2026-01-16T05:17:00Z,48.00
2026-01-16T05:30:00Z,48.00
2026-01-16T05:36:00Z,49.42
2026-01-16T05:47:00Z,49.00
2026-01-16T06:00:00Z,51.00
2026-01-16T06:09:00Z,55.00
2026-01-16T06:38:00Z,53.00
2026-01-16T06:45:00Z,52.00
2026-01-16T06:57:00Z,52.00
2026-01-16T07:00:00Z,53.00
2026-01-16T07:03:00Z,53.00
2026-01-16T07:07:00Z,53.37
2026-01-16T07:25:00Z,53.00
2026-01-16T07:28:00Z,52.00
2026-01-16T07:36:00Z,53.00
2026-01-16T08:17:00Z,53.00
2026-01-16T08:25:00Z,53.00
2026-01-16T10:09:00Z,53.00
2026-01-16T11:22:00Z,48.00
2026-01-16T11:30:00Z,48.00
2026-01-16T11:32:00Z,51.00
2026-01-16T11:47:00Z,51.00
2026-01-16T12:23:00Z,49.00
2026-01-16T12:39:00Z,49.00
2026-01-16T12:44:00Z,49.00
2026-01-16T12:47:00Z,49.00
2026-01-16T13:15:00Z,49.00
2026-01-16T13:16:00Z,49.49
2026-01-16T13:28:00Z,49.00
2026-01-16T13:57:00Z,51.00
2026-01-16T13:59:00Z,50.00
2026-01-16T14:36:00Z,49.00
2026-01-16T14:50:00Z,50.00
2026-01-16T15:04:00Z,49.00
2026-01-16T15:12:00Z,49.86
2026-01-16T15:19:00Z,51.00
2026-01-16T15:20:00Z,50.00
2026-01-16T15:21:00Z,50.00
2026-01-16T15:24:00Z,49.00
2026-01-16T15:30:00Z,47.00
2026-01-16T15:46:00Z,44.00
2026-01-16T15:49:00Z,41.00
2026-01-16T16:01:00Z,43.00
2026-01-16T16:02:00Z,41.24
2026-01-16T16:04:00Z,43.00
2026-01-16T16:05:00Z,43.00
2026-01-16T16:34:00Z,41.00
2026-01-16T16:40:00Z,42.00
2026-01-16T16:42:00Z,42.00
2026-01-16T16:50:00Z,42.00
2026-01-16T16:51:00Z,43.00
2026-01-16T16:52:00Z,41.24
2026-01-16T17:04:00Z,43.00
2026-01-16T17:12:00Z,43.00
2026-01-16T17:26:00Z,43.00
2026-01-16T17:31:00Z,40.64
2026-01-16T17:59:00Z,41.00
2026-01-16T18:01:00Z,42.00
2026-01-16T18:02:00Z,44.00
2026-01-16T18:03:00Z,44.00
2026-01-16T18:04:00Z,44.00
2026-01-16T18:20:00Z,44.00
2026-01-16T18:21:00Z,45.00
2026-01-16T18:25:00Z,44.48
2026-01-16T18:29:00Z,45.00
2026-01-16T18:35:00Z,45.00
2026-01-16T18:50:00Z,44.00
2026-01-16T18:55:00Z,45.00
2026-01-16T18:57:00Z,45.00
2026-01-16T18:58:00Z,44.00
2026-01-16T19:11:00Z,43.00
2026-01-16T19:12:00Z,44.00
2026-01-16T19:23:00Z,45.00
2026-01-16T19:38:00Z,44.42
2026-01-16T19:41:00Z,44.00
2026-01-16T19:42:00Z,43.00
2026-01-16T20:05:00Z,42.10
2026-01-16T20:06:00Z,41.00
2026-01-16T20:18:00Z,43.00
2026-01-16T20:19:00Z,43.98
2026-01-16T20:20:00Z,44.00
2026-01-16T20:24:00Z,42.00
2026-01-16T20:26:00Z,44.00
2026-01-16T20:28:00Z,44.00
2026-01-16T20:43:00Z,43.13
2026-01-16T20:45:00Z,45.00
2026-01-16T20:51:00Z,45.57
2026-01-16T20:58:00Z,46.00
2026-01-16T21:02:00Z,46.00
2026-01-16T21:04:00Z,46.00
2026-01-16T21:05:00Z,45.00
2026-01-16T21:07:00Z,46.00
2026-01-16T21:08:00Z,46.00
2026-01-16T21:11:00Z,46.00
2026-01-16T21:14:00Z,47.00
2026-01-16T21:15:00Z,47.00
2026-01-16T21:21:00Z,47.00
2026-01-16T21:23:00Z,46.00
2026-01-16T21:24:00Z,45.00
2026-01-16T21:29:00Z,47.00
2026-01-16T21:31:00Z,46.00
2026-01-16T21:43:00Z,46.00
2026-01-16T21:44:00Z,46.00
2026-01-16T21:45:00Z,47.00
2026-01-16T21:47:00Z,47.00
2026-01-16T21:49:00Z,48.00
2026-01-16T21:55:00Z,47.00
2026-01-16T22:01:00Z,49.84
2026-01-16T22:02:00Z,48.00
2026-01-16T22:03:00Z,49.89
2026-01-16T22:06:00Z,50.00
2026-01-16T22:10:00Z,50.00
2026-01-16T22:12:00Z,49.00
2026-01-16T22:13:00Z,50.00
2026-01-16T22:16:00Z,49.00
2026-01-16T22:17:00Z,47.47
2026-01-16T22:18:00Z,45.14
2026-01-16T22:25:00Z,47.03
2026-01-16T22:26:00Z,48.00
2026-01-16T22:28:00Z,49.00
2026-01-16T22:35:00Z,49.32
2026-01-16T22:46:00Z,49.00
2026-01-16T22:50:00Z,49.00
2026-01-16T22:54:00Z,48.00
2026-01-16T23:00:00Z,49.43
2026-01-16T23:01:00Z,50.00
2026-01-16T23:10:00Z,50.00
2026-01-16T23:13:00Z,50.00
2026-01-16T23:46:00Z,50.00
2026-01-16T23:55:00Z,48.00
2026-01-16T23:58:00Z,48.00
2026-01-17T00:18:00Z,47.00
2026-01-17T00:32:00Z,47.00
2026-01-17T00:33:00Z,49.98
2026-01-17T00:40:00Z,50.97
2026-01-17T00:44:00Z,50.00
2026-01-17T00:46:00Z,49.00
2026-01-17T00:50:00Z,48.00
2026-01-17T00:55:00Z,47.00
2026-01-17T01:04:00Z,46.00
2026-01-17T01:09:00Z,49.00
2026-01-17T01:12:00Z,49.00
2026-01-17T01:36:00Z,46.00
2026-01-17T01:43:00Z,46.00
2026-01-17T01:44:00Z,46.00
2026-01-17T01:50:00Z,47.00
2026-01-17T02:02:00Z,46.00
2026-01-17T02:05:00Z,47.00
2026-01-17T02:17:00Z,47.00
2026-01-17T02:20:00Z,48.75
2026-01-17T02:21:00Z,47.00
2026-01-17T02:27:00Z,46.00
2026-01-17T02:28:00Z,46.45
2026-01-17T02:31:00Z,46.00
2026-01-17T02:32:00Z,45.00
2026-01-17T02:34:00Z,44.13
2026-01-17T02:38:00Z,45.00
2026-01-17T02:48:00Z,45.00
2026-01-17T03:09:00Z,47.00
2026-01-17T03:12:00Z,45.00
2026-01-17T03:13:00Z,45.00
2026-01-17T03:14:00Z,45.00
2026-01-17T03:18:00Z,46.00
2026-01-17T03:24:00Z,47.00
2026-01-17T03:31:00Z,47.00
2026-01-17T03:34:00Z,46.00
2026-01-17T03:46:00Z,45.03
2026-01-17T03:57:00Z,46.95
2026-01-17T04:01:00Z,47.00
2026-01-17T04:06:00Z,45.00
2026-01-17T04:35:00Z,46.60
2026-01-17T04:39:00Z,46.88
2026-01-17T04:54:00Z,45.00
2026-01-17T04:56:00Z,45.00
2026-01-17T05:00:00Z,44.00
2026-01-17T05:22:00Z,45.00
2026-01-17T05:24:00Z,45.00
2026-01-17T05:30:00Z,45.00
2026-01-17T05:31:00Z,48.00
2026-01-17T05:39:00Z,47.00
2026-01-17T05:40:00Z,47.00
2026-01-17T05:41:00Z,47.00
2026-01-17T05:51:00Z,45.00
2026-01-17T05:57:00Z,48.00
2026-01-17T05:59:00Z,47.88
2026-01-17T06:02:00Z,48.00
2026-01-17T06:17:00Z,44.00
2026-01-17T06:19:00Z,46.90
2026-01-17T06:20:00Z,47.00
2026-01-17T06:24:00Z,45.00
2026-01-17T06:46:00Z,48.00
2026-01-17T07:07:00Z,47.00
2026-01-17T07:14:00Z,47.00
2026-01-17T07:17:00Z,47.00
2026-01-17T07:54:00Z,45.00
2026-01-17T07:58:00Z,45.00
2026-01-17T08:00:00Z,44.00
2026-01-17T08:06:00Z,45.00
2026-01-17T08:58:00Z,46.00
2026-01-17T10:01:00Z,44.00
2026-01-17T10:02:00Z,45.40
2026-01-17T10:32:00Z,44.00
2026-01-17T11:11:00Z,44.00
2026-01-17T11:35:00Z,44.00
2026-01-17T11:39:00Z,45.00
2026-01-17T12:46:00Z,45.00
2026-01-17T13:06:00Z,43.43
2026-01-17T13:20:00Z,45.00
2026-01-17T13:36:00Z,45.00
2026-01-17T13:40:00Z,43.00
2026-01-17T13:53:00Z,45.00
2026-01-17T14:02:00Z,46.00
2026-01-17T14:03:00Z,45.50
2026-01-17T14:06:00Z,46.00
2026-01-17T14:25:00Z,46.00
2026-01-17T14:31:00Z,46.00
2026-01-17T14:36:00Z,46.00
2026-01-17T14:47:00Z,46.00
2026-01-17T15:11:00Z,45.00
2026-01-17T15:26:00Z,45.00
2026-01-17T15:27:00Z,46.00
2026-01-17T15:31:00Z,46.00
2026-01-17T15:55:00Z,47.00
2026-01-17T16:05:00Z,47.00
2026-01-17T16:18:00Z,47.00
2026-01-17T16:19:00Z,47.00
2026-01-17T16:29:00Z,46.00
2026-01-17T16:35:00Z,46.00
2026-01-17T16:46:00Z,45.00
2026-01-17T16:56:00Z,46.00
2026-01-17T17:05:00Z,46.00
2026-01-17T17:09:00Z,45.00
2026-01-17T17:16:00Z,46.00
2026-01-17T17:49:00Z,45.00
2026-01-17T18:27:00Z,45.00
2026-01-17T18:37:00Z,46.00
2026-01-17T18:56:00Z,45.55
2026-01-17T19:03:00Z,46.00
2026-01-17T19:05:00Z,44.33
2026-01-17T19:22:00Z,45.00
2026-01-17T19:25:00Z,45.00
2026-01-17T19:26:00Z,45.00
2026-01-17T19:41:00Z,44.00
2026-01-17T19:44:00Z,44.00
2026-01-17T19:50:00Z,45.00
2026-01-17T19:54:00Z,45.00
2026-01-17T20:07:00Z,45.00
2026-01-17T20:14:00Z,45.00
2026-01-17T20:15:00Z,46.00
2026-01-17T20:17:00Z,44.00
2026-01-17T20:19:00Z,46.00
2026-01-17T20:23:00Z,46.00
2026-01-17T20:38:00Z,46.00
2026-01-17T20:48:00Z,46.32
2026-01-17T20:52:00Z,46.00
2026-01-17T21:25:00Z,46.00
2026-01-17T21:47:00Z,44.00
2026-01-17T21:49:00Z,44.05
2026-01-17T21:56:00Z,46.00
2026-01-17T21:57:00Z,46.00
2026-01-17T21:58:00Z,44.00
2026-01-17T22:17:00Z,46.00
2026-01-17T22:26:00Z,41.65
2026-01-17T22:37:00Z,45.50
2026-01-17T22:47:00Z,44.00
2026-01-17T22:49:00Z,42.00
2026-01-17T22:54:00Z,43.00
2026-01-17T22:59:00Z,42.02
2026-01-17T23:03:00Z,43.00
2026-01-17T23:12:00Z,44.00
2026-01-17T23:32:00Z,42.00
2026-01-17T23:39:00Z,44.00
2026-01-17T23:43:00Z,41.98
2026-01-17T23:52:00Z,43.27
2026-01-17T23:59:00Z,43.00
2026-01-18T00:22:00Z,44.00
2026-01-18T00:23:00Z,44.00
2026-01-18T00:34:00Z,44.00
2026-01-18T00:38:00Z,43.00
2026-01-18T00:40:00Z,43.00
2026-01-18T00:53:00Z,45.00
2026-01-18T00:59:00Z,44.79
2026-01-18T01:09:00Z,44.00
2026-01-18T01:17:00Z,42.00
2026-01-18T01:20:00Z,41.00
2026-01-18T01:40:00Z,43.00
2026-01-18T01:41:00Z,43.00
2026-01-18T01:56:00Z,42.00
2026-01-18T01:58:00Z,44.00
2026-01-18T02:04:00Z,40.00
2026-01-18T02:07:00Z,44.00
2026-01-18T02:15:00Z,40.00
2026-01-18T02:19:00Z,44.00
2026-01-18T02:55:00Z,43.97
2026-01-18T03:02:00Z,42.00
2026-01-18T03:03:00Z,42.00
2026-01-18T03:05:00Z,43.83
2026-01-18T03:18:00Z,42.00
2026-01-18T03:24:00Z,42.00
2026-01-18T03:35:00Z,43.00
2026-01-18T03:58:00Z,45.07
2026-01-18T04:09:00Z,44.00
2026-01-18T04:16:00Z,45.00
2026-01-18T04:21:00Z,45.00
2026-01-18T04:27:00Z,42.29
2026-01-18T04:32:00Z,43.00
2026-01-18T04:34:00Z,45.00
2026-01-18T04:54:00Z,45.00
2026-01-18T05:01:00Z,45.00
2026-01-18T05:03:00Z,45.00
2026-01-18T05:18:00Z,42.28
2026-01-18T05:34:00Z,45.00
2026-01-18T05:37:00Z,45.61
2026-01-18T05:45:00Z,46.00
2026-01-18T05:51:00Z,46.00
2026-01-18T05:52:00Z,42.53
2026-01-18T05:56:00Z,43.00
2026-01-18T06:03:00Z,46.00
2026-01-18T06:04:00Z,43.00
2026-01-18T06:05:00Z,43.00
2026-01-18T06:17:00Z,46.00
2026-01-18T06:40:00Z,45.00
2026-01-18T06:42:00Z,43.00
2026-01-18T06:57:00Z,45.17
2026-01-18T07:03:00Z,45.00
2026-01-18T07:06:00Z,45.92
2026-01-18T07:15:00Z,44.00
2026-01-18T08:04:00Z,45.54
2026-01-18T08:57:00Z,45.90
2026-01-18T09:38:00Z,45.00
2026-01-18T09:39:00Z,45.00
2026-01-18T09:40:00Z,45.77
2026-01-18T10:16:00Z,45.00
2026-01-18T11:04:00Z,43.00
2026-01-18T11:07:00Z,42.00
2026-01-18T11:36:00Z,41.12
2026-01-18T13:33:00Z,43.00
2026-01-18T14:10:00Z,42.75
2026-01-18T14:15:00Z,44.00
2026-01-18T14:29:00Z,42.00
2026-01-18T14:30:00Z,44.00
2026-01-18T14:33:00Z,44.00
2026-01-18T15:06:00Z,43.00
2026-01-18T15:12:00Z,44.16
2026-01-18T15:20:00Z,41.00
2026-01-18T15:31:00Z,41.00
2026-01-18T15:39:00Z,41.00
2026-01-18T15:40:00Z,41.00
2026-01-18T16:12:00Z,43.00
2026-01-18T16:23:00Z,44.00
2026-01-18T16:26:00Z,42.00
2026-01-18T16:37:00Z,42.00
2026-01-18T16:48:00Z,43.00
2026-01-18T17:02:00Z,41.00
2026-01-18T17:08:00Z,42.01
2026-01-18T17:39:00Z,44.00
2026-01-18T17:44:00Z,42.00
2026-01-18T17:54:00Z,44.00
2026-01-18T18:03:00Z,41.06
2026-01-18T18:08:00Z,44.00
2026-01-18T18:17:00Z,42.00
2026-01-18T18:21:00Z,43.00
2026-01-18T18:23:00Z,41.57
2026-01-18T18:24:00Z,41.00
2026-01-18T18:25:00Z,41.00
2026-01-18T18:37:00Z,42.33
2026-01-18T18:45:00Z,44.00
2026-01-18T19:04:00Z,44.00
2026-01-18T19:15:00Z,43.00
2026-01-18T19:18:00Z,42.04
2026-01-18T19:27:00Z,44.69
2026-01-18T19:32:00Z,44.00
2026-01-18T19:43:00Z,43.00
2026-01-18T19:49:00Z,43.00
2026-01-18T19:51:00Z,44.00
2026-01-18T19:55:00Z,42.55
2026-01-18T20:42:00Z,44.00
2026-01-18T21:05:00Z,43.00
2026-01-18T21:09:00Z,43.16
2026-01-18T21:20:00Z,44.00
2026-01-18T21:21:00Z,43.00
2026-01-18T21:30:00Z,43.00
2026-01-18T21:31:00Z,44.00
2026-01-18T21:41:00Z,44.00
2026-01-18T21:45:00Z,44.00
2026-01-18T21:47:00Z,44.00
2026-01-18T21:59:00Z,43.00
2026-01-18T22:05:00Z,44.00
2026-01-18T22:07:00Z,43.98
2026-01-18T22:08:00Z,44.00
2026-01-18T22:09:00Z,44.00
2026-01-18T22:10:00Z,44.00
2026-01-18T22:14:00Z,44.00
2026-01-18T22:17:00Z,44.00
2026-01-18T22:18:00Z,44.99
2026-01-18T22:26:00Z,45.00
2026-01-18T22:27:00Z,44.00
2026-01-18T22:28:00Z,44.00
2026-01-18T22:29:00Z,44.74
2026-01-18T22:33:00Z,45.00
2026-01-18T22:35:00Z,45.00
2026-01-18T22:41:00Z,44.00
2026-01-18T22:42:00Z,45.97
2026-01-18T22:48:00Z,44.00
2026-01-18T22:50:00Z,46.95
2026-01-18T23:08:00Z,44.73
2026-01-18T23:09:00Z,42.80
2026-01-18T23:11:00Z,43.90
2026-01-18T23:12:00Z,42.35
2026-01-18T23:18:00Z,43.00
2026-01-18T23:27:00Z,43.00
2026-01-18T23:30:00Z,42.00
2026-01-18T23:31:00Z,40.00
2026-01-18T23:37:00Z,41.00
2026-01-18T23:42:00Z,40.00
2026-01-18T23:47:00Z,36.00
2026-01-18T23:49:00Z,35.00
2026-01-18T23:58:00Z,32.14
2026-01-19T00:01:00Z,31.00
2026-01-19T00:02:00Z,30.00
2026-01-19T00:03:00Z,27.02
2026-01-19T00:07:00Z,25.54
2026-01-19T00:08:00Z,26.43
2026-01-19T00:09:00Z,27.00
2026-01-19T00:12:00Z,26.00
2026-01-19T00:13:00Z,25.00
2026-01-19T00:15:00Z,25.00
2026-01-19T00:16:00Z,25.00
2026-01-19T00:21:00Z,24.00
2026-01-19T00:22:00Z,24.00
2026-01-19T00:29:00Z,25.00
2026-01-19T00:34:00Z,24.82
2026-01-19T00:35:00Z,23.00
2026-01-19T00:37:00Z,23.00
2026-01-19T00:40:00Z,24.00
2026-01-19T00:41:00Z,24.00
2026-01-19T00:42:00Z,24.00
2026-01-19T00:43:00Z,24.00
2026-01-19T00:44:00Z,25.00
2026-01-19T00:45:00Z,25.00
2026-01-19T00:51:00Z,26.00
2026-01-19T00:52:00Z,26.00
2026-01-19T00:53:00Z,25.00
2026-01-19T00:56:00Z,26.00
2026-01-19T00:58:00Z,26.00
2026-01-19T01:06:00Z,26.00
2026-01-19T01:10:00Z,26.00
2026-01-19T01:24:00Z,26.00
2026-01-19T01:32:00Z,26.00
2026-01-19T01:38:00Z,26.00
2026-01-19T01:42:00Z,26.00
2026-01-19T01:45:00Z,26.00
2026-01-19T01:49:00Z,24.00
2026-01-19T02:03:00Z,25.00
2026-01-19T02:07:00Z,25.12
2026-01-19T02:12:00Z,25.00
2026-01-19T02:15:00Z,22.00
2026-01-19T02:18:00Z,22.00
2026-01-19T02:24:00Z,22.00
2026-01-19T02:25:00Z,22.00
2026-01-19T02:27:00Z,25.00
2026-01-19T02:28:00Z,25.00
2026-01-19T02:43:00Z,22.00
2026-01-19T02:51:00Z,25.00
2026-01-19T03:02:00Z,25.00
2026-01-19T03:11:00Z,23.00
2026-01-19T03:12:00Z,22.00
2026-01-19T03:13:00Z,25.80
2026-01-19T03:15:00Z,25.00
2026-01-19T03:16:00Z,26.00
2026-01-19T03:20:00Z,25.83
2026-01-19T03:27:00Z,26.00
2026-01-19T03:30:00Z,26.00
2026-01-19T03:31:00Z,26.00
2026-01-19T03:34:00Z,26.00
2026-01-19T03:35:00Z,26.00
2026-01-19T03:51:00Z,26.00
2026-01-19T04:14:00Z,23.12
2026-01-19T04:16:00Z,26.00
2026-01-19T04:30:00Z,26.00
2026-01-19T04:32:00Z,26.00
2026-01-19T04:40:00Z,26.00
2026-01-19T05:05:00Z,27.30
2026-01-19T05:09:00Z,25.00
2026-01-19T05:12:00Z,25.00
2026-01-19T05:42:00Z,25.00
2026-01-19T05:44:00Z,25.00
2026-01-19T05:50:00Z,24.00
2026-01-19T05:53:00Z,24.00
2026-01-19T05:56:00Z,23.00
2026-01-19T06:19:00Z,24.00
2026-01-19T06:37:00Z,23.00
2026-01-19T06:40:00Z,23.00
2026-01-19T06:47:00Z,24.00
2026-01-19T06:51:00Z,23.00
2026-01-19T07:12:00Z,24.00
2026-01-19T07:23:00Z,23.00
2026-01-19T07:34:00Z,23.00
2026-01-19T07:53:00Z,23.00
2026-01-19T08:24:00Z,24.00
2026-01-19T08:25:00Z,24.00
2026-01-19T08:39:00Z,25.00
2026-01-19T08:40:00Z,25.00
2026-01-19T08:46:00Z,25.00
2026-01-19T08:47:00Z,25.00
2026-01-19T08:48:00Z,24.00
2026-01-19T08:55:00Z,24.00
2026-01-19T09:04:00Z,25.00
2026-01-19T09:35:00Z,23.22
2026-01-19T09:57:00Z,23.00
2026-01-19T09:58:00Z,24.00
2026-01-19T09:59:00Z,23.00
2026-01-19T10:19:00Z,23.00
2026-01-19T10:27:00Z,22.00
2026-01-19T10:29:00Z,23.00
2026-01-19T10:30:00Z,23.00
2026-01-19T10:31:00Z,23.00
2026-01-19T10:52:00Z,23.00
2026-01-19T11:51:00Z,24.00
2026-01-19T12:02:00Z,23.00
2026-01-19T12:23:00Z,23.00
2026-01-19T12:38:00Z,23.00
2026-01-19T12:46:00Z,24.00
2026-01-19T12:54:00Z,24.00
2026-01-19T12:58:00Z,24.00
2026-01-19T13:02:00Z,23.00
2026-01-19T13:29:00Z,23.00
2026-01-19T13:34:00Z,24.00
2026-01-19T13:58:00Z,24.00
2026-01-19T14:04:00Z,24.00
2026-01-19T14:20:00Z,23.47
2026-01-19T14:26:00Z,24.00
2026-01-19T14:37:00Z,25.00
2026-01-19T15:07:00Z,23.00
2026-01-19T15:08:00Z,23.00
2026-01-19T15:18:00Z,25.00
2026-01-19T15:38:00Z,25.00
2026-01-19T15:51:00Z,25.00
2026-01-19T15:55:00Z,25.00
2026-01-19T16:01:00Z,26.00
2026-01-19T16:26:00Z,26.00
2026-01-19T16:32:00Z,27.00
2026-01-19T16:50:00Z,27.00
2026-01-19T16:52:00Z,25.00
2026-01-19T16:53:00Z,27.00
2026-01-19T16:54:00Z,27.00
2026-01-19T16:55:00Z,24.00
2026-01-19T17:01:00Z,26.00
2026-01-19T17:03:00Z,25.00
2026-01-19T17:04:00Z,25.00
2026-01-19T17:09:00Z,25.00
2026-01-19T17:18:00Z,27.00
2026-01-19T17:24:00Z,27.00
2026-01-19T17:27:00Z,26.00
2026-01-19T17:35:00Z,26.00
2026-01-19T17:36:00Z,27.00
2026-01-19T17:38:00Z,26.00
2026-01-19T17:39:00Z,27.00
2026-01-19T17:44:00Z,26.00
2026-01-19T17:49:00Z,26.00
2026-01-19T18:04:00Z,26.00
2026-01-19T18:05:00Z,26.00
2026-01-19T18:10:00Z,25.59
2026-01-19T18:12:00Z,27.00
2026-01-19T18:28:00Z,24.00
2026-01-19T18:35:00Z,25.85
2026-01-19T18:53:00Z,26.00
2026-01-19T18:56:00Z,24.00
2026-01-19T18:57:00Z,26.00
2026-01-19T18:59:00Z,24.00
2026-01-19T19:05:00Z,26.00
2026-01-19T19:11:00Z,23.01
2026-01-19T19:18:00Z,25.83
2026-01-19T19:27:00Z,26.00
2026-01-19T19:29:00Z,24.00
2026-01-19T19:33:00Z,23.15
2026-01-19T19:35:00Z,22.00
2026-01-19T19:36:00Z,23.00
2026-01-19T19:50:00Z,24.00
2026-01-19T19:51:00Z,22.81
2026-01-19T20:03:00Z,22.00
2026-01-19T20:12:00Z,23.00
2026-01-19T20:16:00Z,21.31
2026-01-19T20:18:00Z,22.17
2026-01-19T20:19:00Z,23.00
2026-01-19T20:21:00Z,23.00
2026-01-19T20:27:00Z,23.00
2026-01-19T20:36:00Z,23.00
2026-01-19T20:37:00Z,21.92
2026-01-19T20:39:00Z,23.04
2026-01-19T20:40:00Z,22.00
2026-01-19T20:44:00Z,22.00
2026-01-19T21:01:00Z,22.00
2026-01-19T21:03:00Z,23.00
2026-01-19T21:04:00Z,23.00
2026-01-19T21:10:00Z,22.65
2026-01-19T21:11:00Z,22.00
2026-01-19T21:24:00Z,23.00
2026-01-19T21:25:00Z,22.00
2026-01-19T21:40:00Z,23.00
2026-01-19T21:41:00Z,22.00
2026-01-19T21:44:00Z,21.00
2026-01-19T21:59:00Z,21.00
2026-01-19T22:03:00Z,22.00
2026-01-19T22:05:00Z,22.00
2026-01-19T22:06:00Z,21.02
2026-01-19T22:10:00Z,22.00
2026-01-19T22:12:00Z,22.00
2026-01-19T22:13:00Z,21.00
2026-01-19T22:14:00Z,21.00
2026-01-19T22:16:00Z,21.00
2026-01-19T22:19:00Z,21.00
2026-01-19T22:21:00Z,21.00
2026-01-19T22:22:00Z,21.00
2026-01-19T22:24:00Z,21.00
2026-01-19T22:32:00Z,22.00
2026-01-19T22:52:00Z,22.00
2026-01-19T22:55:00Z,21.00
2026-01-19T22:57:00Z,22.00
2026-01-19T23:04:00Z,21.00
2026-01-19T23:06:00Z,21.00
2026-01-19T23:08:00Z,21.00
2026-01-19T23:16:00Z,21.00
2026-01-19T23:17:00Z,20.00
2026-01-19T23:22:00Z,20.00
2026-01-19T23:29:00Z,21.00
2026-01-19T23:31:00Z,20.00
2026-01-19T23:49:00Z,22.00
2026-01-20T00:14:00Z,22.00
2026-01-20T00:19:00Z,20.00
2026-01-20T00:37:00Z,22.00
2026-01-20T00:42:00Z,20.00
2026-01-20T00:43:00Z,22.00
2026-01-20T00:48:00Z,20.00
2026-01-20T00:54:00Z,22.00
2026-01-20T01:04:00Z,22.00
2026-01-20T01:08:00Z,22.00
2026-01-20T01:12:00Z,22.00
2026-01-20T01:13:00Z,22.00
2026-01-20T01:24:00Z,22.00
2026-01-20T01:26:00Z,21.00
2026-01-20T01:36:00Z,22.00
2026-01-20T01:44:00Z,21.28
2026-01-20T01:58:00Z,22.00
2026-01-20T02:00:00Z,22.00
2026-01-20T02:02:00Z,21.00
2026-01-20T02:03:00Z,21.99
2026-01-20T02:05:00Z,22.00
2026-01-20T02:07:00Z,20.50
2026-01-20T02:08:00Z,21.25
2026-01-20T02:10:00Z,22.00
2026-01-20T02:16:00Z,20.42
2026-01-20T02:24:00Z,21.00
2026-01-20T02:29:00Z,21.00
2026-01-20T02:30:00Z,20.00
2026-01-20T02:31:00Z,18.00
2026-01-20T02:34:00Z,19.00
2026-01-20T02:38:00Z,18.00
2026-01-20T02:50:00Z,18.00
2026-01-20T02:51:00Z,19.93
2026-01-20T02:52:00Z,20.00
2026-01-20T02:57:00Z,19.00
2026-01-20T03:09:00Z,20.00
2026-01-20T03:12:00Z,18.00
2026-01-20T03:16:00Z,20.00
2026-01-20T03:23:00Z,18.00
2026-01-20T03:26:00Z,20.00
2026-01-20T03:35:00Z,20.00
2026-01-20T03:39:00Z,17.30
2026-01-20T04:00:00Z,20.00
2026-01-20T04:04:00Z,18.00
2026-01-20T04:05:00Z,19.98
2026-01-20T04:16:00Z,20.00
2026-01-20T04:17:00Z,20.00
2026-01-20T04:22:00Z,17.86
2026-01-20T04:28:00Z,20.00
2026-01-20T04:29:00Z,20.00
2026-01-20T04:35:00Z,16.20
2026-01-20T04:36:00Z,15.73
2026-01-20T04:37:00Z,16.00
2026-01-20T04:38:00Z,16.00
2026-01-20T04:42:00Z,19.00
2026-01-20T04:44:00Z,20.00
2026-01-20T04:48:00Z,20.00
2026-01-20T05:01:00Z,16.00
2026-01-20T05:02:00Z,18.00
2026-01-20T05:10:00Z,18.00
2026-01-20T05:14:00Z,14.00
2026-01-20T05:15:00Z,15.00
2026-01-20T05:17:00Z,15.00
2026-01-20T05:21:00Z,13.00
2026-01-20T05:40:00Z,17.00
2026-01-20T05:53:00Z,14.00
2026-01-20T05:56:00Z,15.96
2026-01-20T05:59:00Z,16.00
2026-01-20T06:01:00Z,12.01
2026-01-20T06:02:00Z,16.00
2026-01-20T06:06:00Z,15.00
2026-01-20T06:16:00Z,12.00
2026-01-20T06:42:00Z,14.00
2026-01-20T06:44:00Z,9.25
2026-01-20T06:51:00Z,13.00
2026-01-20T07:03:00Z,10.00
2026-01-20T07:10:00Z,11.00
2026-01-20T07:12:00Z,10.00
2026-01-20T07:17:00Z,11.00
2026-01-20T07:19:00Z,10.35
2026-01-20T07:21:00Z,10.00
2026-01-20T07:27:00Z,11.00
2026-01-20T07:30:00Z,11.00
2026-01-20T07:40:00Z,10.00
2026-01-20T07:44:00Z,11.00
2026-01-20T08:04:00Z,11.00
2026-01-20T08:35:00Z,13.00
2026-01-20T09:01:00Z,13.00
2026-01-20T09:02:00Z,14.00
2026-01-20T09:30:00Z,14.00
2026-01-20T09:41:00Z,14.00
2026-01-20T09:42:00Z,14.00
2026-01-20T10:13:00Z,14.00
2026-01-20T10:23:00Z,14.00
2026-01-20T10:25:00Z,14.54
2026-01-20T10:35:00Z,15.00
2026-01-20T11:14:00Z,15.00
2026-01-20T11:17:00Z,15.00
2026-01-20T11:50:00Z,16.00
2026-01-20T11:57:00Z,15.54
2026-01-20T11:58:00Z,12.00
2026-01-20T11:59:00Z,12.00
2026-01-20T12:01:00Z,16.00
2026-01-20T12:03:00Z,16.00
2026-01-20T12:10:00Z,12.00
2026-01-20T12:13:00Z,15.00
2026-01-20T12:27:00Z,12.00
2026-01-20T12:31:00Z,12.00
2026-01-20T12:58:00Z,14.00
2026-01-20T13:10:00Z,15.00
2026-01-20T13:16:00Z,14.00
2026-01-20T13:32:00Z,13.00
2026-01-20T13:41:00Z,13.00
2026-01-20T13:45:00Z,11.00
2026-01-20T13:47:00Z,11.00
2026-01-20T14:06:00Z,13.00
2026-01-20T14:07:00Z,13.00
2026-01-20T14:19:00Z,12.00
2026-01-20T14:24:00Z,13.00
2026-01-20T14:25:00Z,12.00
2026-01-20T14:30:00Z,11.00
2026-01-20T14:34:00Z,13.00
2026-01-20T14:37:00Z,10.12
2026-01-20T14:46:00Z,14.00
2026-01-20T14:48:00Z,10.00
2026-01-20T14:52:00Z,13.00
2026-01-20T15:10:00Z,10.00
2026-01-20T15:17:00Z,11.00
2026-01-20T15:18:00Z,11.00
2026-01-20T15:19:00Z,11.00
2026-01-20T15:21:00Z,11.00
2026-01-20T15:29:00Z,12.98
2026-01-20T15:32:00Z,13.00
2026-01-20T15:33:00Z,10.46
2026-01-20T15:34:00Z,14.00
2026-01-20T15:43:00Z,13.00
2026-01-20T15:45:00Z,10.10
2026-01-20T15:46:00Z,12.00
2026-01-20T15:53:00Z,11.98
2026-01-20T16:02:00Z,13.18
2026-01-20T16:04:00Z,11.00
2026-01-20T16:06:00Z,13.98
2026-01-20T16:10:00Z,12.00
2026-01-20T16:12:00Z,14.00
2026-01-20T16:15:00Z,13.98
2026-01-20T16:16:00Z,14.00
2026-01-20T16:17:00Z,14.00
2026-01-20T16:18:00Z,14.00
2026-01-20T16:19:00Z,14.00
2026-01-20T16:20:00Z,12.00
2026-01-20T16:23:00Z,14.00
2026-01-20T16:34:00Z,13.00
2026-01-20T16:36:00Z,12.00
2026-01-20T16:37:00Z,12.08
2026-01-20T16:38:00Z,12.00
2026-01-20T16:49:00Z,8.00
2026-01-20T17:02:00Z,8.75
2026-01-20T17:06:00Z,10.00
2026-01-20T17:13:00Z,10.00
2026-01-20T17:21:00Z,9.96
2026-01-20T17:46:00Z,10.00
2026-01-20T17:57:00Z,8.00
2026-01-20T18:03:00Z,9.00
2026-01-20T18:04:00Z,9.00
2026-01-20T18:09:00Z,7.00
2026-01-20T18:10:00Z,6.34
2026-01-20T18:16:00Z,7.33
2026-01-20T18:17:00Z,9.00
2026-01-20T18:24:00Z,10.00
2026-01-20T18:28:00Z,10.00
2026-01-20T18:30:00Z,10.54
2026-01-20T18:36:00Z,9.00
2026-01-20T18:39:00Z,9.00
2026-01-20T18:46:00Z,10.00
2026-01-20T18:48:00Z,10.00
2026-01-20T18:54:00Z,9.00
2026-01-20T19:01:00Z,10.00
2026-01-20T19:19:00Z,11.00
2026-01-20T19:22:00Z,11.00
2026-01-20T19:31:00Z,9.00
2026-01-20T19:32:00Z,10.00
2026-01-20T19:34:00Z,9.00
2026-01-20T19:37:00Z,10.00
2026-01-20T19:47:00Z,10.00
2026-01-20T20:01:00Z,9.94
2026-01-20T20:03:00Z,10.00
2026-01-20T20:04:00Z,11.00
2026-01-20T20:05:00Z,11.00
2026-01-20T20:10:00Z,9.00
2026-01-20T20:12:00Z,11.00
2026-01-20T20:15:00Z,9.00
2026-01-20T20:16:00Z,9.00
2026-01-20T20:22:00Z,10.00
2026-01-20T20:54:00Z,11.00
2026-01-20T21:05:00Z,10.59
2026-01-20T21:14:00Z,9.00
2026-01-20T21:26:00Z,10.00
2026-01-20T21:27:00Z,9.00
2026-01-20T21:32:00Z,10.00
2026-01-20T21:54:00Z,9.00
2026-01-20T22:02:00Z,9.00
2026-01-20T22:06:00Z,10.00
2026-01-20T22:07:00Z,9.00
2026-01-20T22:08:00Z,10.00
2026-01-20T22:15:00Z,10.00
2026-01-20T22:16:00Z,11.00
2026-01-20T22:19:00Z,11.00
2026-01-20T22:24:00Z,9.00
2026-01-20T22:32:00Z,9.00
2026-01-20T22:33:00Z,10.00
2026-01-20T22:34:00Z,9.00
2026-01-20T22:41:00Z,8.02
2026-01-20T22:43:00Z,9.00
2026-01-20T22:44:00Z,8.00
2026-01-20T22:52:00Z,9.00
2026-01-20T22:54:00Z,8.00
2026-01-20T22:59:00Z,8.00
2026-01-20T23:17:00Z,9.00
2026-01-20T23:21:00Z,9.00
2026-01-20T23:37:00Z,8.00
2026-01-20T23:48:00Z,7.00
2026-01-20T23:53:00Z,8.00
2026-01-20T23:54:00Z,8.00
2026-01-20T23:59:00Z,8.00
2026-01-21T00:05:00Z,7.95
2026-01-21T00:08:00Z,7.00
2026-01-21T00:23:00Z,8.00
2026-01-21T00:32:00Z,8.00
2026-01-21T00:55:00Z,8.00
2026-01-21T00:58:00Z,8.00
2026-01-21T01:09:00Z,8.00
2026-01-21T01:15:00Z,8.00
2026-01-21T01:23:00Z,8.00
2026-01-21T01:50:00Z,8.28
2026-01-21T02:07:00Z,8.97
2026-01-21T02:12:00Z,8.00
2026-01-21T02:17:00Z,9.00
2026-01-21T02:26:00Z,9.42
2026-01-21T02:29:00Z,9.52
2026-01-21T02:47:00Z,9.00
2026-01-21T02:50:00Z,9.00
2026-01-21T03:17:00Z,10.10
2026-01-21T03:29:00Z,10.00
2026-01-21T03:42:00Z,11.00
2026-01-21T03:46:00Z,11.00
2026-01-21T03:53:00Z,11.00
2026-01-21T04:05:00Z,10.10
2026-01-21T04:22:00Z,11.00
2026-01-21T04:26:00Z,11.00
2026-01-21T04:30:00Z,11.00
2026-01-21T04:40:00Z,10.00
2026-01-21T04:42:00Z,9.00
2026-01-21T04:44:00Z,8.00
2026-01-21T04:55:00Z,8.00
2026-01-21T05:00:00Z,10.99
2026-01-21T05:02:00Z,11.00
2026-01-21T05:23:00Z,12.00
2026-01-21T05:54:00Z,12.00
2026-01-21T06:13:00Z,12.00
2026-01-21T06:20:00Z,12.00
2026-01-21T06:41:00Z,11.00
2026-01-21T06:42:00Z,10.00
2026-01-21T06:54:00Z,9.82
2026-01-21T07:08:00Z,10.00
2026-01-21T07:13:00Z,8.00
2026-01-21T07:24:00Z,11.00
2026-01-21T07:28:00Z,11.00
2026-01-21T07:34:00Z,10.00
2026-01-21T07:36:00Z,10.00
2026-01-21T07:55:00Z,10.00
2026-01-21T08:01:00Z,10.00
2026-01-21T08:04:00Z,10.00
2026-01-21T08:09:00Z,10.38
2026-01-21T08:16:00Z,11.00
2026-01-21T08:39:00Z,10.00
2026-01-21T09:15:00Z,9.00
2026-01-21T09:24:00Z,10.27
2026-01-21T09:35:00Z,10.00
2026-01-21T09:45:00Z,10.00
2026-01-21T10:02:00Z,8.00
2026-01-21T10:20:00Z,9.99
2026-01-21T10:26:00Z,10.37
2026-01-21T10:37:00Z,10.00
2026-01-21T10:38:00Z,10.00
2026-01-21T10:39:00Z,10.00
2026-01-21T10:55:00Z,10.00
2026-01-21T11:41:00Z,10.00
2026-01-21T11:46:00Z,9.00
2026-01-21T11:48:00Z,10.00
2026-01-21T12:09:00Z,10.00
2026-01-21T12:11:00Z,9.00
2026-01-21T12:27:00Z,7.00
2026-01-21T12:35:00Z,8.00
2026-01-21T12:36:00Z,9.00
2026-01-21T12:37:00Z,9.00
2026-01-21T12:40:00Z,9.00
2026-01-21T12:44:00Z,9.00
2026-01-21T12:52:00Z,10.00
2026-01-21T13:08:00Z,9.97
2026-01-21T13:09:00Z,9.00
2026-01-21T13:11:00Z,9.00
2026-01-21T13:16:00Z,7.00
2026-01-21T13:27:00Z,7.00
2026-01-21T13:28:00Z,7.00
2026-01-21T13:29:00Z,6.00
2026-01-21T13:30:00Z,6.00
2026-01-21T13:31:00Z,6.00
2026-01-21T13:42:00Z,9.00
2026-01-21T13:52:00Z,8.00
2026-01-21T14:42:00Z,9.00
2026-01-21T14:43:00Z,9.00
2026-01-21T15:03:00Z,7.28
2026-01-21T15:06:00Z,7.00
2026-01-21T15:07:00Z,9.00
2026-01-21T15:08:00Z,9.00
2026-01-21T15:11:00Z,9.00
2026-01-21T15:13:00Z,8.00
2026-01-21T15:20:00Z,11.47
2026-01-21T15:21:00Z,12.00
2026-01-21T15:22:00Z,10.17
2026-01-21T15:24:00Z,8.78
2026-01-21T15:33:00Z,10.00
2026-01-21T15:43:00Z,9.00
2026-01-21T15:46:00Z,10.55
2026-01-21T15:47:00Z,10.00
2026-01-21T15:51:00Z,8.00
2026-01-21T16:15:00Z,10.62
2026-01-21T16:17:00Z,10.00
2026-01-21T16:19:00Z,9.00
2026-01-21T16:21:00Z,9.00
2026-01-21T16:24:00Z,9.97
2026-01-21T16:29:00Z,10.00
2026-01-21T16:38:00Z,8.00
2026-01-21T16:40:00Z,8.00
2026-01-21T16:44:00Z,8.00
2026-01-21T16:52:00Z,8.00
2026-01-21T17:04:00Z,7.05
2026-01-21T17:07:00Z,7.00
2026-01-21T17:11:00Z,6.00
2026-01-21T17:14:00Z,7.00
2026-01-21T17:15:00Z,7.00
2026-01-21T17:27:00Z,6.00
2026-01-21T18:01:00Z,7.00
2026-01-21T18:02:00Z,7.88
2026-01-21T18:03:00Z,8.00
2026-01-21T18:18:00Z,6.00
2026-01-21T18:20:00Z,7.00
2026-01-21T18:26:00Z,7.00
2026-01-21T18:44:00Z,7.00
2026-01-21T18:50:00Z,8.00
2026-01-21T18:51:00Z,7.13
2026-01-21T19:11:00Z,7.00
2026-01-21T19:12:00Z,8.00
2026-01-21T19:16:00Z,7.00
2026-01-21T19:21:00Z,8.00
2026-01-21T19:31:00Z,8.00
2026-01-21T19:32:00Z,8.00
2026-01-21T19:34:00Z,8.00
2026-01-21T19:36:00Z,10.00
2026-01-21T19:37:00Z,8.00
2026-01-21T19:45:00Z,11.40
2026-01-21T19:48:00Z,12.00
2026-01-21T19:50:00Z,12.00
2026-01-21T19:52:00Z,12.00
2026-01-21T19:57:00Z,11.03
2026-01-21T20:05:00Z,11.00
2026-01-21T20:14:00Z,11.94
2026-01-21T20:29:00Z,12.00
2026-01-21T20:32:00Z,12.00
2026-01-21T20:38:00Z,10.01
2026-01-21T20:48:00Z,10.00
2026-01-21T21:01:00Z,9.20
2026-01-21T21:10:00Z,10.00
2026-01-21T21:12:00Z,10.00
2026-01-21T21:16:00Z,11.00
2026-01-21T21:33:00Z,11.00
2026-01-21T21:35:00Z,11.00
2026-01-21T21:49:00Z,12.00
2026-01-21T21:56:00Z,11.00
2026-01-21T21:57:00Z,12.00
2026-01-21T22:01:00Z,12.00
2026-01-21T22:03:00Z,11.96
2026-01-21T22:04:00Z,11.00
2026-01-21T22:06:00Z,11.53
2026-01-21T22:07:00Z,10.00
2026-01-21T22:08:00Z,9.00
2026-01-21T22:09:00Z,10.00
2026-01-21T22:12:00Z,10.00
2026-01-21T22:20:00Z,11.41
2026-01-21T22:21:00Z,11.00
2026-01-21T22:22:00Z,11.83
2026-01-21T22:24:00Z,10.00
2026-01-21T22:26:00Z,10.00
2026-01-21T22:35:00Z,10.00
2026-01-21T22:36:00Z,11.00
2026-01-21T22:40:00Z,11.00
2026-01-21T22:46:00Z,11.00
2026-01-21T22:55:00Z,11.00
2026-01-21T22:59:00Z,10.00
2026-01-21T23:04:00Z,10.00
2026-01-21T23:08:00Z,9.00
2026-01-21T23:09:00Z,10.00
2026-01-21T23:10:00Z,10.00
2026-01-21T23:13:00Z,10.00
2026-01-21T23:15:00Z,11.00
2026-01-21T23:16:00Z,11.00
2026-01-21T23:19:00Z,11.00
2026-01-21T23:20:00Z,11.00
2026-01-21T23:21:00Z,11.00
2026-01-21T23:29:00Z,11.00
2026-01-21T23:31:00Z,11.00
2026-01-21T23:50:00Z,10.00
2026-01-21T23:51:00Z,10.00
2026-01-21T23:54:00Z,10.00
2026-01-22T00:00:00Z,11.00
2026-01-22T00:04:00Z,11.00
2026-01-22T00:05:00Z,10.00
2026-01-22T00:12:00Z,11.00
2026-01-22T00:14:00Z,10.00
2026-01-22T00:19:00Z,10.00
2026-01-22T00:25:00Z,11.00
2026-01-22T00:27:00Z,11.00
2026-01-22T00:30:00Z,11.00
2026-01-22T00:31:00Z,11.00
2026-01-22T00:38:00Z,11.00
2026-01-22T00:50:00Z,12.00
2026-01-22T00:54:00Z,11.00
2026-01-22T00:58:00Z,12.00
2026-01-22T01:00:00Z,11.00
2026-01-22T01:04:00Z,11.00
2026-01-22T01:10:00Z,12.00
2026-01-22T01:37:00Z,12.00
2026-01-22T01:56:00Z,12.00
2026-01-22T01:57:00Z,12.00
2026-01-22T02:18:00Z,12.00
2026-01-22T02:22:00Z,12.00
2026-01-22T02:26:00Z,13.00
2026-01-22T02:30:00Z,13.00
2026-01-22T02:34:00Z,13.00
2026-01-22T02:41:00Z,12.00
2026-01-22T02:45:00Z,12.90
2026-01-22T02:46:00Z,13.00
2026-01-22T02:47:00Z,11.32
2026-01-22T02:53:00Z,11.00
2026-01-22T03:01:00Z,12.00
2026-01-22T03:11:00Z,11.00
2026-01-22T03:32:00Z,11.00
2026-01-22T03:42:00Z,11.00
2026-01-22T03:47:00Z,10.00
2026-01-22T03:51:00Z,11.00
2026-01-22T03:58:00Z,11.00
2026-01-22T04:35:00Z,10.96
2026-01-22T04:37:00Z,12.00
2026-01-22T05:03:00Z,12.00
2026-01-22T05:19:00Z,10.05
2026-01-22T05:41:00Z,10.00
2026-01-22T05:42:00Z,12.00
2026-01-22T05:43:00Z,12.00
2026-01-22T05:46:00Z,11.00
2026-01-22T05:52:00Z,10.00
2026-01-22T06:02:00Z,10.00
2026-01-22T06:07:00Z,11.00
2026-01-22T06:16:00Z,11.00
2026-01-22T06:29:00Z,11.00
2026-01-22T06:39:00Z,11.00
2026-01-22T06:52:00Z,11.00
2026-01-22T07:05:00Z,11.00
2026-01-22T07:15:00Z,11.00
2026-01-22T07:24:00Z,11.00
2026-01-22T07:57:00Z,11.00
2026-01-22T10:05:00Z,11.25
2026-01-22T10:21:00Z,11.00
2026-01-22T11:09:00Z,11.00
2026-01-22T11:10:00Z,9.30
2026-01-22T11:26:00Z,8.77
2026-01-22T11:32:00Z,10.00
2026-01-22T11:34:00Z,10.00
2026-01-22T11:39:00Z,11.00
2026-01-22T11:41:00Z,11.00
2026-01-22T11:43:00Z,9.00
2026-01-22T12:06:00Z,11.00
2026-01-22T12:11:00Z,11.00
2026-01-22T12:16:00Z,11.00
2026-01-22T12:33:00Z,11.00
2026-01-22T12:37:00Z,10.78
2026-01-22T12:43:00Z,11.00
2026-01-22T12:56:00Z,11.00
2026-01-22T13:18:00Z,11.00
2026-01-22T13:24:00Z,11.00
2026-01-22T13:37:00Z,11.00
2026-01-22T13:43:00Z,10.00
2026-01-22T13:53:00Z,10.00
2026-01-22T14:07:00Z,9.00
2026-01-22T14:11:00Z,9.00
2026-01-22T14:13:00Z,9.00
2026-01-22T14:37:00Z,9.00
2026-01-22T14:39:00Z,8.00
2026-01-22T14:44:00Z,8.00
2026-01-22T14:46:00Z,7.21
2026-01-22T14:56:00Z,7.00
2026-01-22T15:01:00Z,8.00
2026-01-22T15:02:00Z,8.00
2026-01-22T15:09:00Z,7.00
2026-01-22T15:12:00Z,8.00
2026-01-22T15:19:00Z,8.00
2026-01-22T15:22:00Z,8.00
2026-01-22T15:25:00Z,7.00
2026-01-22T15:26:00Z,8.00
2026-01-22T15:31:00Z,6.03
2026-01-22T15:33:00Z,6.00
2026-01-22T15:38:00Z,6.92
2026-01-22T15:41:00Z,7.00
2026-01-22T15:47:00Z,8.00
2026-01-22T16:00:00Z,8.00
2026-01-22T16:06:00Z,7.00
2026-01-22T16:12:00Z,7.00
2026-01-22T16:16:00Z,8.00
2026-01-22T16:18:00Z,7.40
2026-01-22T16:22:00Z,7.00
2026-01-22T16:24:00Z,7.00
2026-01-22T16:25:00Z,7.00
2026-01-22T16:26:00Z,7.00
2026-01-22T16:28:00Z,8.00
2026-01-22T16:29:00Z,7.00
2026-01-22T16:31:00Z,8.00
2026-01-22T16:44:00Z,8.00
2026-01-22T16:46:00Z,8.00
2026-01-22T16:51:00Z,8.00
2026-01-22T16:56:00Z,7.00
2026-01-22T16:57:00Z,7.00
2026-01-22T17:01:00Z,8.00
2026-01-22T17:19:00Z,8.00
2026-01-22T17:22:00Z,7.00
2026-01-22T17:24:00Z,7.00
2026-01-22T17:25:00Z,7.00
2026-01-22T17:34:00Z,8.00
2026-01-22T17:35:00Z,8.00
2026-01-22T17:36:00Z,9.00
2026-01-22T17:43:00Z,7.00
2026-01-22T17:45:00Z,7.00
2026-01-22T17:55:00Z,6.00
2026-01-22T17:56:00Z,7.00
2026-01-22T17:57:00Z,7.00
2026-01-22T17:59:00Z,9.25
2026-01-22T18:02:00Z,10.00
2026-01-22T18:03:00Z,10.00
2026-01-22T18:04:00Z,9.00
2026-01-22T18:12:00Z,9.00
2026-01-22T18:22:00Z,10.00
2026-01-22T18:24:00Z,8.14
2026-01-22T18:29:00Z,10.00
2026-01-22T18:34:00Z,8.00
2026-01-22T18:39:00Z,8.00
2026-01-22T18:44:00Z,9.00
2026-01-22T19:01:00Z,9.00
2026-01-22T19:04:00Z,9.00
2026-01-22T19:21:00Z,8.00
2026-01-22T19:23:00Z,7.00
2026-01-22T19:26:00Z,7.00
2026-01-22T19:32:00Z,7.00
2026-01-22T19:33:00Z,8.00
2026-01-22T19:38:00Z,8.00
2026-01-22T20:02:00Z,9.00
2026-01-22T20:04:00Z,9.00
2026-01-22T20:10:00Z,10.00
2026-01-22T20:17:00Z,11.00
2026-01-22T20:21:00Z,11.00
2026-01-22T20:35:00Z,11.00
2026-01-22T20:37:00Z,11.00
2026-01-22T20:38:00Z,11.00
2026-01-22T20:46:00Z,10.01
2026-01-22T20:50:00Z,10.00
2026-01-22T20:56:00Z,10.00
2026-01-22T21:00:00Z,10.00
2026-01-22T21:01:00Z,9.00
2026-01-22T21:02:00Z,10.00
2026-01-22T21:14:00Z,9.00
2026-01-22T21:31:00Z,8.00
2026-01-22T21:35:00Z,9.00
2026-01-22T21:42:00Z,7.07
2026-01-22T21:44:00Z,8.00
2026-01-22T21:51:00Z,8.00
2026-01-22T21:57:00Z,8.00
2026-01-22T22:05:00Z,7.00
2026-01-22T22:27:00Z,8.00
2026-01-22T22:31:00Z,8.00
2026-01-22T22:33:00Z,8.00
2026-01-22T22:34:00Z,8.00
2026-01-22T22:36:00Z,8.99
2026-01-22T22:42:00Z,8.13
2026-01-22T22:45:00Z,9.00
2026-01-22T22:46:00Z,9.00
2026-01-22T22:47:00Z,9.00
2026-01-22T22:49:00Z,9.00
2026-01-22T22:50:00Z,9.00
2026-01-22T22:53:00Z,8.00
2026-01-22T23:02:00Z,9.00
2026-01-22T23:04:00Z,9.00
2026-01-22T23:10:00Z,9.00
2026-01-22T23:36:00Z,9.00
2026-01-22T23:43:00Z,9.00
2026-01-22T23:46:00Z,9.00
2026-01-22T23:56:00Z,8.00
2026-01-22T23:59:00Z,8.00
2026-01-23T00:01:00Z,9.00
2026-01-23T00:19:00Z,8.97
2026-01-23T00:21:00Z,9.00
2026-01-23T00:24:00Z,9.00
2026-01-23T00:26:00Z,9.00
2026-01-23T00:33:00Z,9.00
2026-01-23T00:54:00Z,9.00
2026-01-23T00:57:00Z,8.00
2026-01-23T01:15:00Z,9.00
2026-01-23T01:19:00Z,9.00
2026-01-23T01:22:00Z,9.00
2026-01-23T01:27:00Z,8.00
2026-01-23T01:29:00Z,9.00
2026-01-23T01:36:00Z,9.00
2026-01-23T01:39:00Z,9.00
2026-01-23T01:45:00Z,9.00
2026-01-23T01:55:00Z,8.00
2026-01-23T02:05:00Z,9.00
2026-01-23T02:11:00Z,7.15
2026-01-23T02:13:00Z,9.00
2026-01-23T02:14:00Z,9.00
2026-01-23T02:21:00Z,9.00
2026-01-23T02:22:00Z,7.13
2026-01-23T02:23:00Z,7.83
2026-01-23T02:31:00Z,9.00
2026-01-23T02:34:00Z,9.00
2026-01-23T02:36:00Z,9.00
2026-01-23T02:45:00Z,9.00
2026-01-23T02:46:00Z,8.00
2026-01-23T03:04:00Z,9.00
2026-01-23T03:07:00Z,9.00
2026-01-23T03:13:00Z,9.00
2026-01-23T03:15:00Z,9.00
2026-01-23T03:17:00Z,9.00
2026-01-23T03:19:00Z,9.00
2026-01-23T03:22:00Z,9.00
2026-01-23T03:26:00Z,10.00
2026-01-23T03:36:00Z,10.00
2026-01-23T03:37:00Z,10.00
2026-01-23T03:51:00Z,9.00
2026-01-23T03:57:00Z,9.00
2026-01-23T04:02:00Z,10.00
2026-01-23T04:09:00Z,10.00
2026-01-23T04:13:00Z,10.00
2026-01-23T04:14:00Z,10.00
2026-01-23T04:17:00Z,10.00
2026-01-23T04:18:00Z,10.00
2026-01-23T04:20:00Z,10.00
2026-01-23T04:21:00Z,9.00
2026-01-23T04:28:00Z,10.00
2026-01-23T04:29:00Z,9.83
2026-01-23T04:31:00Z,10.00
2026-01-23T04:33:00Z,10.00
2026-01-23T04:34:00Z,9.00
2026-01-23T04:38:00Z,10.00
2026-01-23T04:40:00Z,10.00
2026-01-23T04:43:00Z,10.00
2026-01-23T04:49:00Z,10.00
2026-01-23T04:54:00Z,10.00
2026-01-23T05:19:00Z,10.00
2026-01-23T05:30:00Z,10.00
2026-01-23T05:38:00Z,10.00
2026-01-23T05:47:00Z,10.35
2026-01-23T05:48:00Z,10.00
2026-01-23T05:49:00Z,10.00
2026-01-23T05:56:00Z,9.00
2026-01-23T05:57:00Z,9.00
2026-01-23T06:01:00Z,10.00
2026-01-23T06:04:00Z,9.00
2026-01-23T06:10:00Z,9.00
2026-01-23T06:18:00Z,8.00
2026-01-23T06:23:00Z,8.00
2026-01-23T06:32:00Z,9.00
2026-01-23T06:35:00Z,8.00
2026-01-23T06:46:00Z,8.00
2026-01-23T06:51:00Z,7.23
2026-01-23T07:01:00Z,8.00
2026-01-23T07:22:00Z,8.00
2026-01-23T07:35:00Z,8.00
2026-01-23T08:15:00Z,8.00
2026-01-23T08:24:00Z,8.00
2026-01-23T08:39:00Z,7.00
2026-01-23T09:21:00Z,7.00
2026-01-23T09:24:00Z,7.00
2026-01-23T09:55:00Z,7.00
2026-01-23T10:44:00Z,7.36
2026-01-23T10:47:00Z,7.00
2026-01-23T12:08:00Z,7.00
2026-01-23T12:32:00Z,7.00
2026-01-23T12:43:00Z,7.00
2026-01-23T13:00:00Z,8.00
2026-01-23T13:20:00Z,8.00
2026-01-23T13:27:00Z,8.00
2026-01-23T13:41:00Z,8.00
2026-01-23T13:47:00Z,8.00
2026-01-23T13:54:00Z,7.00
2026-01-23T14:16:00Z,7.00
2026-01-23T14:17:00Z,6.00
2026-01-23T14:34:00Z,7.00
2026-01-23T14:35:00Z,7.00
2026-01-23T14:40:00Z,6.00
2026-01-23T14:44:00Z,6.71
2026-01-23T15:04:00Z,7.00
2026-01-23T15:10:00Z,7.17
2026-01-23T15:17:00Z,7.00
2026-01-23T15:18:00Z,6.00
2026-01-23T15:22:00Z,6.49
2026-01-23T15:23:00Z,7.23
2026-01-23T15:39:00Z,6.54
2026-01-23T15:42:00Z,6.00
2026-01-23T15:45:00Z,6.00
2026-01-23T15:54:00Z,6.00
2026-01-23T16:04:00Z,6.00
2026-01-23T16:07:00Z,7.00
2026-01-23T16:09:00Z,7.00
2026-01-23T16:18:00Z,7.00
2026-01-23T16:20:00Z,7.00
2026-01-23T16:22:00Z,6.00
2026-01-23T16:27:00Z,7.00
2026-01-23T16:30:00Z,7.56
2026-01-23T16:50:00Z,8.00
2026-01-23T16:53:00Z,8.00
2026-01-23T16:54:00Z,8.00
2026-01-23T16:57:00Z,9.00
2026-01-23T16:59:00Z,9.00
2026-01-23T17:03:00Z,9.00
2026-01-23T17:18:00Z,9.00
2026-01-23T17:19:00Z,9.39
2026-01-23T17:20:00Z,9.00
2026-01-23T17:28:00Z,10.00
2026-01-23T17:29:00Z,7.35
2026-01-23T17:30:00Z,7.00
2026-01-23T17:31:00Z,7.00
2026-01-23T17:36:00Z,8.00
2026-01-23T17:38:00Z,8.03
2026-01-23T17:39:00Z,8.00
2026-01-23T17:44:00Z,9.00
2026-01-23T17:45:00Z,9.00
2026-01-23T17:51:00Z,9.00
2026-01-23T18:03:00Z,9.00
2026-01-23T18:07:00Z,9.00
2026-01-23T18:10:00Z,9.00
2026-01-23T18:11:00Z,9.59
2026-01-23T18:16:00Z,10.00
2026-01-23T18:17:00Z,10.00
2026-01-23T18:18:00Z,9.00
2026-01-23T18:20:00Z,9.00
2026-01-23T18:26:00Z,10.00
2026-01-23T18:39:00Z,9.00
2026-01-23T19:00:00Z,9.00
2026-01-23T19:01:00Z,10.00
2026-01-23T19:02:00Z,9.00
2026-01-23T19:11:00Z,9.00
2026-01-23T19:21:00Z,9.00
2026-01-23T19:27:00Z,9.00
2026-01-23T19:47:00Z,8.00
2026-01-23T19:48:00Z,8.72
2026-01-23T19:50:00Z,8.00
2026-01-23T19:57:00Z,8.00
2026-01-23T20:10:00Z,8.00
2026-01-23T20:22:00Z,9.00
2026-01-23T20:30:00Z,8.00
2026-01-23T20:32:00Z,8.00
2026-01-23T20:40:00Z,7.04
2026-01-23T20:48:00Z,7.00
2026-01-23T20:51:00Z,7.00
2026-01-23T21:47:00Z,7.00
2026-01-23T21:56:00Z,6.00
2026-01-23T22:03:00Z,7.00
2026-01-23T22:18:00Z,6.00
2026-01-23T22:20:00Z,7.00
2026-01-23T22:21:00Z,7.00
2026-01-23T22:43:00Z,7.00
2026-01-23T22:45:00Z,7.00
2026-01-23T22:48:00Z,7.00
2026-01-23T22:58:00Z,7.00
2026-01-23T23:03:00Z,7.00
2026-01-23T23:04:00Z,7.00
2026-01-23T23:05:00Z,6.00
2026-01-23T23:06:00Z,7.00
2026-01-23T23:12:00Z,7.80
2026-01-23T23:16:00Z,7.00
2026-01-23T23:18:00Z,7.00
2026-01-23T23:29:00Z,7.00
2026-01-23T23:35:00Z,7.00
2026-01-23T23:48:00Z,7.00
2026-01-23T23:59:00Z,7.00
2026-01-24T00:03:00Z,6.00
2026-01-24T00:06:00Z,7.00
2026-01-24T00:08:00Z,6.00
2026-01-24T00:10:00Z,7.00
2026-01-24T00:13:00Z,7.00
2026-01-24T00:19:00Z,7.00
2026-01-24T00:23:00Z,6.00
2026-01-24T00:33:00Z,7.00
2026-01-24T00:40:00Z,7.00
2026-01-24T00:49:00Z,7.00
2026-01-24T00:59:00Z,7.00
2026-01-24T01:02:00Z,7.00
2026-01-24T01:06:00Z,6.00
2026-01-24T01:10:00Z,6.00
2026-01-24T01:46:00Z,5.00
2026-01-24T02:01:00Z,6.00
2026-01-24T02:07:00Z,6.00
2026-01-24T02:08:00Z,6.00
2026-01-24T02:35:00Z,5.00
2026-01-24T02:37:00Z,6.00
2026-01-24T02:43:00Z,6.00
2026-01-24T02:46:00Z,6.00
2026-01-24T02:57:00Z,6.00
2026-01-24T02:58:00Z,5.00
2026-01-24T03:06:00Z,6.00
2026-01-24T03:17:00Z,6.00
2026-01-24T03:27:00Z,5.00
2026-01-24T03:29:00Z,6.00
2026-01-24T03:31:00Z,5.00
2026-01-24T03:35:00Z,6.00
2026-01-24T03:48:00Z,6.00
2026-01-24T03:49:00Z,6.00
2026-01-24T04:05:00Z,6.00
2026-01-24T04:06:00Z,6.00
2026-01-24T04:12:00Z,6.00
2026-01-24T04:23:00Z,5.00
2026-01-24T04:24:00Z,4.26
2026-01-24T04:30:00Z,5.00
2026-01-24T04:33:00Z,5.00
2026-01-24T04:34:00Z,5.00
2026-01-24T04:37:00Z,5.00
2026-01-24T04:42:00Z,5.00
2026-01-24T04:43:00Z,5.00
2026-01-24T04:44:00Z,5.00
2026-01-24T05:10:00Z,6.00
2026-01-24T05:15:00Z,6.00
2026-01-24T05:19:00Z,6.00
2026-01-24T05:27:00Z,6.00
2026-01-24T05:36:00Z,6.00
2026-01-24T05:37:00Z,6.00
2026-01-24T06:17:00Z,6.00
2026-01-24T06:30:00Z,6.00
2026-01-24T06:35:00Z,6.00
2026-01-24T06:43:00Z,5.00
2026-01-24T06:48:00Z,6.00
2026-01-24T06:49:00Z,6.00
2026-01-24T06:54:00Z,6.00
2026-01-24T07:15:00Z,6.00
2026-01-24T07:29:00Z,6.00
2026-01-24T07:35:00Z,6.00
2026-01-24T07:38:00Z,6.00
2026-01-24T07:39:00Z,6.00
2026-01-24T07:48:00Z,6.00
2026-01-24T07:50:00Z,6.00
2026-01-24T08:35:00Z,6.00
2026-01-24T08:54:00Z,6.00
2026-01-24T09:05:00Z,5.00
2026-01-24T10:30:00Z,6.00
2026-01-24T10:31:00Z,6.00
2026-01-24T11:04:00Z,5.00
2026-01-24T11:41:00Z,5.00
2026-01-24T11:45:00Z,5.00
2026-01-24T12:12:00Z,6.00
2026-01-24T12:13:00Z,6.00
2026-01-24T12:52:00Z,6.00
2026-01-24T13:15:00Z,6.00
2026-01-24T13:27:00Z,6.00
2026-01-24T13:41:00Z,6.00
2026-01-24T14:10:00Z,6.00
2026-01-24T14:18:00Z,5.00
2026-01-24T14:30:00Z,6.00
2026-01-24T14:57:00Z,6.00
2026-01-24T15:58:00Z,6.00
2026-01-24T16:09:00Z,4.30
2026-01-24T16:11:00Z,5.00
2026-01-24T16:16:00Z,6.00
2026-01-24T16:18:00Z,6.00
2026-01-24T16:26:00Z,4.00
2026-01-24T16:45:00Z,6.00
2026-01-24T16:48:00Z,6.00
2026-01-24T16:56:00Z,6.00
2026-01-24T17:01:00Z,6.00
2026-01-24T17:02:00Z,4.00
2026-01-24T17:17:00Z,5.00
2026-01-24T17:37:00Z,6.00
2026-01-24T17:41:00Z,6.00
2026-01-24T18:01:00Z,6.00
2026-01-24T18:05:00Z,5.00
2026-01-24T18:13:00Z,6.00
2026-01-24T18:34:00Z,5.00
2026-01-24T18:39:00Z,6.00
2026-01-24T18:43:00Z,6.00
2026-01-24T18:53:00Z,6.00
2026-01-24T19:23:00Z,6.00
2026-01-24T19:40:00Z,6.00
2026-01-24T19:59:00Z,6.00
2026-01-24T20:38:00Z,5.00
2026-01-24T20:56:00Z,5.00
2026-01-24T21:02:00Z,5.00
2026-01-24T21:06:00Z,6.00
2026-01-24T21:08:00Z,6.00
2026-01-24T21:20:00Z,5.00
2026-01-24T21:26:00Z,5.00
2026-01-24T21:40:00Z,6.00
2026-01-24T21:47:00Z,6.00
2026-01-24T22:07:00Z,5.00
2026-01-24T22:09:00Z,6.00
2026-01-24T22:15:00Z,5.00
2026-01-24T22:23:00Z,5.00
2026-01-24T22:52:00Z,5.00
2026-01-24T23:24:00Z,6.00
2026-01-24T23:26:00Z,6.00
2026-01-24T23:32:00Z,6.00
2026-01-24T23:36:00Z,6.00
2026-01-24T23:37:00Z,5.00
2026-01-24T23:53:00Z,5.00
2026-01-24T23:57:00Z,6.00
2026-01-25T00:01:00Z,6.00
2026-01-25T00:19:00Z,6.00
2026-01-25T00:24:00Z,6.00
2026-01-25T00:32:00Z,6.00
2026-01-25T00:37:00Z,6.00
2026-01-25T00:44:00Z,6.00
2026-01-25T00:52:00Z,6.00
2026-01-25T01:06:00Z,6.00
2026-01-25T01:11:00Z,6.00
2026-01-25T01:23:00Z,6.00
2026-01-25T01:42:00Z,6.00
2026-01-25T01:45:00Z,5.00
2026-01-25T01:48:00Z,5.00
2026-01-25T01:49:00Z,4.00
2026-01-25T01:55:00Z,5.00
2026-01-25T01:56:00Z,5.00
2026-01-25T02:07:00Z,4.00
2026-01-25T02:09:00Z,6.00
2026-01-25T02:29:00Z,5.00
2026-01-25T02:30:00Z,5.00
2026-01-25T02:31:00Z,5.00
2026-01-25T02:32:00Z,5.00
2026-01-25T02:33:00Z,5.00
2026-01-25T02:47:00Z,5.00
2026-01-25T02:50:00Z,5.00
2026-01-25T03:08:00Z,5.00
2026-01-25T03:09:00Z,6.00
2026-01-25T03:13:00Z,4.00
2026-01-25T03:22:00Z,5.00
2026-01-25T03:31:00Z,6.00
2026-01-25T03:54:00Z,6.00
2026-01-25T04:24:00Z,6.00
2026-01-25T04:25:00Z,5.00
2026-01-25T04:33:00Z,6.00
2026-01-25T04:40:00Z,5.00
2026-01-25T04:42:00Z,6.00
2026-01-25T05:06:00Z,5.00
2026-01-25T05:07:00Z,6.00
2026-01-25T05:14:00Z,5.00
2026-01-25T05:28:00Z,6.00
2026-01-25T05:36:00Z,6.00
2026-01-25T05:37:00Z,6.00
2026-01-25T05:53:00Z,5.00
2026-01-25T05:54:00Z,6.00
2026-01-25T06:13:00Z,6.00
2026-01-25T06:15:00Z,6.00
2026-01-25T06:17:00Z,6.00
2026-01-25T06:21:00Z,5.00
2026-01-25T06:26:00Z,6.00
2026-01-25T06:53:00Z,6.00
2026-01-25T07:00:00Z,5.00
2026-01-25T07:20:00Z,5.00
2026-01-25T07:36:00Z,5.00
2026-01-25T07:47:00Z,6.00
2026-01-25T07:56:00Z,6.00
2026-01-25T08:07:00Z,6.00
2026-01-25T08:08:00Z,6.98
2026-01-25T08:16:00Z,6.00
2026-01-25T08:26:00Z,6.00
2026-01-25T09:28:00Z,6.00
2026-01-25T09:38:00Z,5.00
2026-01-25T10:23:00Z,6.00
2026-01-25T11:17:00Z,6.00
2026-01-25T11:29:00Z,6.69
2026-01-25T11:52:00Z,5.12
2026-01-25T12:08:00Z,6.00
2026-01-25T12:25:00Z,5.00
2026-01-25T12:26:00Z,6.00
2026-01-25T13:26:00Z,6.00
2026-01-25T13:32:00Z,5.00
2026-01-25T13:42:00Z,6.65
2026-01-25T14:18:00Z,6.00
2026-01-25T14:39:00Z,6.00
2026-01-25T14:49:00Z,5.00
2026-01-25T14:52:00Z,6.85
2026-01-25T15:10:00Z,7.00
2026-01-25T15:24:00Z,6.00
2026-01-25T15:42:00Z,7.00
2026-01-25T15:44:00Z,7.00
2026-01-25T15:45:00Z,6.00
2026-01-25T15:51:00Z,7.00
2026-01-25T15:53:00Z,7.00
2026-01-25T16:07:00Z,6.00
2026-01-25T16:09:00Z,6.00
2026-01-25T16:18:00Z,6.00
2026-01-25T16:23:00Z,5.81
2026-01-25T16:24:00Z,6.00
2026-01-25T16:25:00Z,5.00
2026-01-25T16:30:00Z,6.00
2026-01-25T16:57:00Z,6.00
2026-01-25T17:03:00Z,6.00
2026-01-25T17:17:00Z,5.00
2026-01-25T17:21:00Z,5.00
2026-01-25T17:23:00Z,4.00
2026-01-25T17:28:00Z,5.00
2026-01-25T17:36:00Z,5.00
2026-01-25T17:37:00Z,4.00
2026-01-25T17:40:00Z,3.99
2026-01-25T17:41:00Z,3.00
2026-01-25T17:47:00Z,4.00
2026-01-25T17:49:00Z,4.00
2026-01-25T17:50:00Z,4.00
2026-01-25T17:58:00Z,4.00
2026-01-25T18:00:00Z,3.00
2026-01-25T18:01:00Z,5.62
2026-01-25T18:02:00Z,5.00
2026-01-25T18:05:00Z,4.00
2026-01-25T18:09:00Z,4.26
2026-01-25T18:11:00Z,4.00
2026-01-25T18:19:00Z,4.00
2026-01-25T18:20:00Z,3.00
2026-01-25T18:21:00Z,4.00
2026-01-25T18:31:00Z,5.00
2026-01-25T18:38:00Z,5.00
2026-01-25T18:55:00Z,5.00
2026-01-25T18:56:00Z,5.00
2026-01-25T19:09:00Z,5.00
2026-01-25T19:18:00Z,4.00
2026-01-25T19:23:00Z,4.00
2026-01-25T19:25:00Z,4.33
2026-01-25T19:27:00Z,4.00
2026-01-25T19:36:00Z,4.00
2026-01-25T19:39:00Z,5.00
2026-01-25T19:55:00Z,4.00
2026-01-25T19:58:00Z,5.00
2026-01-25T20:01:00Z,4.00
2026-01-25T20:05:00Z,5.00
2026-01-25T20:08:00Z,5.00
2026-01-25T20:19:00Z,5.00
2026-01-25T20:33:00Z,4.00
2026-01-25T20:35:00Z,5.00
2026-01-25T20:39:00Z,4.00
2026-01-25T20:40:00Z,5.00
2026-01-25T20:41:00Z,4.00
2026-01-25T20:45:00Z,4.00
2026-01-25T20:48:00Z,5.00
2026-01-25T20:57:00Z,4.00
2026-01-25T21:20:00Z,4.00
2026-01-25T21:24:00Z,4.00
2026-01-25T21:27:00Z,4.00
2026-01-25T21:31:00Z,4.00
2026-01-25T21:42:00Z,5.00
2026-01-25T22:11:00Z,5.00
2026-01-25T22:19:00Z,5.00
2026-01-25T22:31:00Z,4.00
2026-01-25T22:40:00Z,5.00
2026-01-25T22:42:00Z,4.00
2026-01-25T23:00:00Z,5.00
2026-01-25T23:10:00Z,4.00
2026-01-25T23:16:00Z,5.00
2026-01-25T23:20:00Z,4.00
2026-01-25T23:21:00Z,5.00
2026-01-25T23:24:00Z,4.00
2026-01-25T23:29:00Z,4.00
2026-01-25T23:34:00Z,5.00
2026-01-25T23:37:00Z,5.00
2026-01-25T23:46:00Z,5.00
2026-01-25T23:48:00Z,5.00
2026-01-26T00:04:00Z,4.00
2026-01-26T00:07:00Z,5.00
2026-01-26T00:18:00Z,5.00
2026-01-26T00:29:00Z,4.00
2026-01-26T00:33:00Z,5.00
2026-01-26T00:42:00Z,4.00
2026-01-26T00:50:00Z,4.00
2026-01-26T01:10:00Z,5.00
2026-01-26T01:12:00Z,5.00
2026-01-26T01:17:00Z,5.00
2026-01-26T01:19:00Z,5.00
2026-01-26T01:20:00Z,4.00
2026-01-26T01:35:00Z,5.00
2026-01-26T01:45:00Z,4.90
2026-01-26T02:05:00Z,5.00
2026-01-26T02:07:00Z,4.00
2026-01-26T02:08:00Z,5.00
2026-01-26T02:13:00Z,5.00
2026-01-26T02:28:00Z,5.00
2026-01-26T02:56:00Z,5.00
2026-01-26T03:00:00Z,5.00
2026-01-26T03:03:00Z,5.00
2026-01-26T03:10:00Z,4.00
2026-01-26T03:13:00Z,5.00
2026-01-26T03:27:00Z,4.00
2026-01-26T03:28:00Z,5.00
2026-01-26T03:32:00Z,5.00
2026-01-26T03:39:00Z,4.00
2026-01-26T03:40:00Z,5.00
2026-01-26T03:43:00Z,5.00
2026-01-26T03:52:00Z,4.00
2026-01-26T03:54:00Z,4.00
2026-01-26T04:03:00Z,5.00
2026-01-26T04:05:00Z,5.00
2026-01-26T04:07:00Z,5.00
2026-01-26T04:08:00Z,4.50
2026-01-26T04:09:00Z,5.00
2026-01-26T04:12:00Z,5.00
2026-01-26T04:16:00Z,5.00
2026-01-26T04:28:00Z,4.00
2026-01-26T04:31:00Z,5.00
2026-01-26T04:32:00Z,5.00
2026-01-26T04:36:00Z,4.00
2026-01-26T04:37:00Z,4.00
2026-01-26T04:46:00Z,5.00
2026-01-26T04:53:00Z,5.00
2026-01-26T05:01:00Z,5.00
2026-01-26T05:03:00Z,5.00
2026-01-26T05:47:00Z,5.00
2026-01-26T05:49:00Z,4.00
2026-01-26T05:51:00Z,5.00
2026-01-26T05:57:00Z,5.00
2026-01-26T06:02:00Z,5.00
2026-01-26T06:07:00Z,5.00
2026-01-26T06:08:00Z,5.00
2026-01-26T06:33:00Z,5.00
2026-01-26T07:12:00Z,5.00
2026-01-26T07:29:00Z,5.00
2026-01-26T07:31:00Z,4.00
2026-01-26T07:35:00Z,4.00
2026-01-26T08:12:00Z,5.00
2026-01-26T08:17:00Z,5.00
2026-01-26T08:19:00Z,5.00
2026-01-26T08:39:00Z,4.00
2026-01-26T09:23:00Z,4.00
2026-01-26T09:57:00Z,6.00
2026-01-26T10:05:00Z,5.00
2026-01-26T10:58:00Z,4.21
2026-01-26T11:14:00Z,5.00
2026-01-26T11:23:00Z,4.00
2026-01-26T11:31:00Z,4.00
2026-01-26T11:47:00Z,4.00
2026-01-26T11:54:00Z,4.00
2026-01-26T12:14:00Z,5.00
2026-01-26T12:25:00Z,6.00
2026-01-26T12:57:00Z,5.00
2026-01-26T13:13:00Z,5.00
2026-01-26T13:26:00Z,5.00
2026-01-26T13:30:00Z,6.00
2026-01-26T13:35:00Z,6.00
2026-01-26T13:37:00Z,5.00
2026-01-26T13:59:00Z,4.68
2026-01-26T14:05:00Z,4.00
2026-01-26T14:07:00Z,5.00
2026-01-26T14:09:00Z,4.00
2026-01-26T14:43:00Z,5.00
2026-01-26T14:49:00Z,5.00
2026-01-26T15:04:00Z,4.00
2026-01-26T15:12:00Z,4.00
2026-01-26T15:16:00Z,5.00
2026-01-26T15:17:00Z,5.00
2026-01-26T15:18:00Z,6.00
2026-01-26T15:21:00Z,5.21
2026-01-26T15:22:00Z,5.00
2026-01-26T15:29:00Z,5.00
2026-01-26T15:30:00Z,5.00
2026-01-26T15:38:00Z,5.00
2026-01-26T15:47:00Z,4.00
2026-01-26T16:00:00Z,4.00
2026-01-26T16:01:00Z,4.00
2026-01-26T16:02:00Z,4.00
2026-01-26T16:29:00Z,5.00
2026-01-26T16:43:00Z,5.06
2026-01-26T16:44:00Z,5.00
2026-01-26T17:34:00Z,5.00
2026-01-26T17:37:00Z,5.00
2026-01-26T18:04:00Z,5.00
2026-01-26T18:27:00Z,4.00
2026-01-26T18:35:00Z,5.00
2026-01-26T18:36:00Z,6.00
2026-01-26T18:38:00Z,7.00
2026-01-26T18:50:00Z,6.00
2026-01-26T18:57:00Z,6.05
2026-01-26T19:03:00Z,6.00
2026-01-26T19:05:00Z,7.00
2026-01-26T19:30:00Z,6.00
2026-01-26T19:33:00Z,6.00
2026-01-26T19:40:00Z,7.00
2026-01-26T19:49:00Z,7.00
2026-01-26T19:54:00Z,6.00
2026-01-26T20:06:00Z,6.00
2026-01-26T20:12:00Z,6.00
2026-01-26T20:16:00Z,5.00
2026-01-26T20:28:00Z,6.00
2026-01-26T20:29:00Z,6.00
2026-01-26T20:31:00Z,6.00
2026-01-26T20:32:00Z,6.00
2026-01-26T20:34:00Z,5.00
2026-01-26T20:39:00Z,5.00
2026-01-26T20:52:00Z,5.00
2026-01-26T21:46:00Z,4.00
2026-01-26T21:52:00Z,4.00
2026-01-26T22:02:00Z,5.00
2026-01-26T22:03:00Z,5.00
2026-01-26T22:11:00Z,5.00
2026-01-26T22:13:00Z,4.00
2026-01-26T22:29:00Z,4.00
2026-01-26T22:32:00Z,5.00
2026-01-26T22:37:00Z,5.00
2026-01-26T23:06:00Z,3.00
2026-01-26T23:13:00Z,4.00
2026-01-26T23:16:00Z,3.00
2026-01-26T23:32:00Z,4.00
2026-01-26T23:36:00Z,4.00
2026-01-26T23:38:00Z,4.90
2026-01-26T23:39:00Z,4.00
2026-01-26T23:40:00Z,4.00
2026-01-26T23:42:00Z,4.96
2026-01-26T23:46:00Z,5.00
2026-01-26T23:59:00Z,5.00
2026-01-27T00:03:00Z,5.00
2026-01-27T00:04:00Z,5.01
2026-01-27T00:17:00Z,5.43
2026-01-27T00:18:00Z,5.00
2026-01-27T00:19:00Z,4.00
2026-01-27T00:21:00Z,4.00
2026-01-27T00:40:00Z,4.00
2026-01-27T00:42:00Z,4.05
2026-01-27T00:46:00Z,3.00
2026-01-27T00:58:00Z,4.00
2026-01-27T00:59:00Z,4.00
2026-01-27T01:13:00Z,3.52
2026-01-27T01:15:00Z,3.00
2026-01-27T01:27:00Z,4.00
2026-01-27T01:36:00Z,4.00
2026-01-27T01:48:00Z,3.00
2026-01-27T01:50:00Z,4.00
2026-01-27T01:56:00Z,3.00
2026-01-27T02:03:00Z,4.00
2026-01-27T02:04:00Z,4.00
2026-01-27T02:10:00Z,4.00
2026-01-27T02:17:00Z,4.00
2026-01-27T02:19:00Z,3.00
2026-01-27T02:43:00Z,4.00
2026-01-27T02:50:00Z,3.00
2026-01-27T02:52:00Z,3.00
2026-01-27T02:55:00Z,4.22
2026-01-27T03:02:00Z,5.00
2026-01-27T03:10:00Z,5.00
2026-01-27T03:19:00Z,3.50
2026-01-27T03:21:00Z,4.00
2026-01-27T03:24:00Z,5.00
2026-01-27T03:32:00Z,5.00
2026-01-27T03:37:00Z,4.00
2026-01-27T03:40:00Z,3.00
2026-01-27T03:41:00Z,3.00
2026-01-27T03:43:00Z,4.00
2026-01-27T03:50:00Z,3.00
2026-01-27T03:59:00Z,4.00
2026-01-27T04:17:00Z,5.00
2026-01-27T04:25:00Z,5.00
2026-01-27T04:28:00Z,5.00
2026-01-27T04:46:00Z,4.00
2026-01-27T04:47:00Z,3.00
2026-01-27T04:49:00Z,3.00
2026-01-27T04:51:00Z,4.48
2026-01-27T05:10:00Z,4.99
2026-01-27T05:11:00Z,4.00
2026-01-27T05:12:00Z,3.00
2026-01-27T05:15:00Z,4.00
2026-01-27T05:24:00Z,4.00
2026-01-27T05:27:00Z,5.00
2026-01-27T05:31:00Z,5.00
2026-01-27T05:32:00Z,5.00
2026-01-27T05:37:00Z,5.00
2026-01-27T05:39:00Z,5.00
2026-01-27T05:45:00Z,5.00
2026-01-27T05:57:00Z,6.00
2026-01-27T05:58:00Z,6.00
2026-01-27T06:00:00Z,6.00
2026-01-27T06:13:00Z,5.00
2026-01-27T06:16:00Z,4.52
2026-01-27T06:22:00Z,4.00
2026-01-27T06:32:00Z,4.00
2026-01-27T06:36:00Z,5.00
2026-01-27T06:59:00Z,5.00
2026-01-27T07:07:00Z,5.18
2026-01-27T07:27:00Z,5.00
2026-01-27T07:35:00Z,5.00
2026-01-27T07:38:00Z,5.00
2026-01-27T07:49:00Z,6.00
2026-01-27T07:57:00Z,6.00
2026-01-27T08:00:00Z,5.00
2026-01-27T08:04:00Z,6.00
2026-01-27T08:44:00Z,5.00
2026-01-27T09:20:00Z,6.00
2026-01-27T09:35:00Z,5.00
2026-01-27T10:07:00Z,4.09
2026-01-27T10:26:00Z,4.00
2026-01-27T10:31:00Z,4.00
2026-01-27T10:41:00Z,4.00
2026-01-27T10:45:00Z,4.00
2026-01-27T11:25:00Z,3.00
2026-01-27T12:07:00Z,3.00
2026-01-27T12:08:00Z,4.00
2026-01-27T12:27:00Z,4.00
2026-01-27T12:52:00Z,4.00
2026-01-27T13:02:00Z,4.00
2026-01-27T13:36:00Z,3.00
2026-01-27T13:47:00Z,3.00
2026-01-27T13:48:00Z,3.00
2026-01-27T14:00:00Z,3.00
2026-01-27T14:02:00Z,4.00
2026-01-27T14:35:00Z,4.00
2026-01-27T14:36:00Z,3.00
2026-01-27T14:39:00Z,3.00
2026-01-27T14:43:00Z,2.00
2026-01-27T14:48:00Z,2.99
2026-01-27T14:55:00Z,3.00
2026-01-27T15:04:00Z,4.00
2026-01-27T15:42:00Z,4.00
2026-01-27T15:48:00Z,3.00
2026-01-27T16:03:00Z,4.00
2026-01-27T16:14:00Z,2.01
2026-01-27T16:16:00Z,3.00
2026-01-27T16:30:00Z,2.00
2026-01-27T16:31:00Z,2.00
2026-01-27T16:32:00Z,3.00
2026-01-27T16:33:00Z,3.00
2026-01-27T16:38:00Z,4.00
2026-01-27T16:43:00Z,4.00
2026-01-27T16:47:00Z,4.00
2026-01-27T16:50:00Z,4.00
2026-01-27T16:53:00Z,4.00
2026-01-27T17:02:00Z,3.00
2026-01-27T17:09:00Z,3.43
2026-01-27T17:10:00Z,3.00
2026-01-27T17:17:00Z,4.00
2026-01-27T17:37:00Z,3.00
2026-01-27T17:52:00Z,4.00
2026-01-27T17:56:00Z,4.00
2026-01-27T18:00:00Z,4.00
2026-01-27T18:02:00Z,4.00
2026-01-27T18:04:00Z,4.00
2026-01-27T18:21:00Z,3.00
2026-01-27T18:34:00Z,3.00
2026-01-27T18:41:00Z,4.00
2026-01-27T18:44:00Z,3.00
2026-01-27T18:46:00Z,4.00
2026-01-27T18:58:00Z,4.00
2026-01-27T19:02:00Z,4.00
2026-01-27T19:09:00Z,4.00
2026-01-27T19:39:00Z,4.00
2026-01-27T20:16:00Z,3.00
2026-01-27T20:27:00Z,4.00
2026-01-27T20:31:00Z,4.00
2026-01-27T20:37:00Z,4.00
2026-01-27T20:38:00Z,4.00
2026-01-27T20:39:00Z,4.00
2026-01-27T20:52:00Z,3.00
2026-01-27T20:54:00Z,3.00
2026-01-27T20:56:00Z,3.00
2026-01-27T21:00:00Z,3.00
2026-01-27T21:08:00Z,4.00
2026-01-27T21:11:00Z,4.00
2026-01-27T21:13:00Z,4.00
2026-01-27T21:14:00Z,4.00
2026-01-27T21:29:00Z,4.65
2026-01-27T21:31:00Z,5.00
2026-01-27T21:33:00Z,5.99
2026-01-27T21:34:00Z,5.00
2026-01-27T21:37:00Z,5.00
2026-01-27T21:49:00Z,5.00
2026-01-27T21:52:00Z,4.94
2026-01-27T21:55:00Z,5.00
2026-01-27T22:00:00Z,5.00
2026-01-27T22:03:00Z,4.00
2026-01-27T22:12:00Z,5.00
2026-01-27T22:27:00Z,4.00
2026-01-27T22:30:00Z,5.00
2026-01-27T22:33:00Z,4.00
2026-01-27T22:36:00Z,5.00
2026-01-27T23:23:00Z,4.00
2026-01-27T23:27:00Z,4.00
2026-01-27T23:29:00Z,4.00
2026-01-27T23:31:00Z,5.00
2026-01-27T23:33:00Z,5.00
2026-01-27T23:35:00Z,5.00
2026-01-27T23:40:00Z,4.00
2026-01-27T23:41:00Z,4.03
2026-01-27T23:43:00Z,5.00
2026-01-27T23:53:00Z,4.00
2026-01-27T23:55:00Z,5.00
2026-01-27T23:57:00Z,5.00
2026-01-27T23:58:00Z,5.00
2026-01-28T00:03:00Z,5.00
2026-01-28T00:04:00Z,5.00
2026-01-28T00:08:00Z,4.00
2026-01-28T00:09:00Z,5.00
2026-01-28T00:11:00Z,4.00
2026-01-28T00:12:00Z,5.00
2026-01-28T00:20:00Z,5.00
2026-01-28T00:39:00Z,5.00
2026-01-28T00:40:00Z,5.00
2026-01-28T00:42:00Z,4.00
2026-01-28T00:44:00Z,3.00
2026-01-28T00:52:00Z,3.00
2026-01-28T01:06:00Z,3.00
2026-01-28T01:11:00Z,4.00
2026-01-28T01:26:00Z,4.90
2026-01-28T01:32:00Z,5.00
2026-01-28T01:36:00Z,5.00
2026-01-28T01:37:00Z,5.00
2026-01-28T01:39:00Z,5.00
2026-01-28T01:40:00Z,5.00
2026-01-28T01:46:00Z,5.00
2026-01-28T01:52:00Z,4.00
2026-01-28T01:55:00Z,4.38
2026-01-28T02:00:00Z,4.00
2026-01-28T02:05:00Z,4.95
2026-01-28T02:14:00Z,5.00
2026-01-28T02:15:00Z,5.00
2026-01-28T02:17:00Z,4.00
2026-01-28T02:21:00Z,5.00
2026-01-28T02:22:00Z,5.00
2026-01-28T02:25:00Z,4.00
2026-01-28T02:26:00Z,5.00
2026-01-28T02:42:00Z,5.00
2026-01-28T02:47:00Z,5.00
2026-01-28T02:48:00Z,5.00
2026-01-28T02:50:00Z,4.00
2026-01-28T02:54:00Z,5.00
2026-01-28T03:29:00Z,5.00
2026-01-28T03:43:00Z,5.00
2026-01-28T03:53:00Z,4.00
2026-01-28T04:00:00Z,4.00
2026-01-28T04:03:00Z,4.00
2026-01-28T04:07:00Z,5.00
2026-01-28T04:09:00Z,4.00
2026-01-28T04:22:00Z,5.00
2026-01-28T04:26:00Z,5.00
2026-01-28T04:41:00Z,4.00
2026-01-28T04:46:00Z,5.00
2026-01-28T04:54:00Z,5.00
2026-01-28T05:06:00Z,5.00
2026-01-28T05:13:00Z,4.00
2026-01-28T05:15:00Z,4.44
2026-01-28T05:30:00Z,4.00
2026-01-28T05:36:00Z,4.89
2026-01-28T05:38:00Z,4.00
2026-01-28T05:45:00Z,3.00
2026-01-28T05:49:00Z,4.00
2026-01-28T05:52:00Z,4.00
2026-01-28T06:00:00Z,4.00
2026-01-28T06:30:00Z,3.00
2026-01-28T06:34:00Z,4.00
2026-01-28T06:38:00Z,3.00
2026-01-28T06:39:00Z,3.00
2026-01-28T06:40:00Z,4.00
2026-01-28T06:42:00Z,4.00
2026-01-28T06:50:00Z,3.00
2026-01-28T06:52:00Z,3.00
2026-01-28T06:53:00Z,4.00
2026-01-28T06:59:00Z,4.00
2026-01-28T07:00:00Z,4.00
2026-01-28T07:05:00Z,4.00
2026-01-28T07:16:00Z,4.00
2026-01-28T07:21:00Z,4.00
2026-01-28T07:30:00Z,4.00
2026-01-28T07:46:00Z,4.00
2026-01-28T08:01:00Z,4.00
2026-01-28T08:02:00Z,4.00
2026-01-28T08:43:00Z,4.58
2026-01-28T08:44:00Z,4.00
2026-01-28T08:53:00Z,4.00
2026-01-28T09:00:00Z,4.43
2026-01-28T09:01:00Z,4.00
2026-01-28T09:11:00Z,4.00
2026-01-28T09:14:00Z,4.00
2026-01-28T09:34:00Z,3.00
2026-01-28T09:42:00Z,4.00
2026-01-28T09:55:00Z,5.00
2026-01-28T09:58:00Z,5.00
2026-01-28T09:59:00Z,6.00
2026-01-28T10:02:00Z,6.00
2026-01-28T10:13:00Z,6.00
2026-01-28T10:22:00Z,5.00
2026-01-28T10:55:00Z,5.00
2026-01-28T11:04:00Z,4.00
2026-01-28T11:05:00Z,4.00
2026-01-28T11:06:00Z,4.00
2026-01-28T11:35:00Z,4.00
2026-01-28T11:40:00Z,3.00
2026-01-28T11:53:00Z,3.00
2026-01-28T11:56:00Z,4.00
2026-01-28T12:20:00Z,4.00
2026-01-28T12:26:00Z,3.00
2026-01-28T12:40:00Z,4.00
2026-01-28T13:02:00Z,4.00
2026-01-28T13:05:00Z,3.00
2026-01-28T13:06:00Z,4.00
2026-01-28T13:07:00Z,4.00
2026-01-28T13:08:00Z,4.00
2026-01-28T13:13:00Z,4.00
2026-01-28T13:14:00Z,4.00
2026-01-28T13:15:00Z,3.00
2026-01-28T13:30:00Z,4.00
2026-01-28T13:32:00Z,4.00
2026-01-28T13:33:00Z,3.00
2026-01-28T13:44:00Z,4.00
2026-01-28T13:49:00Z,4.00
2026-01-28T13:58:00Z,4.00
2026-01-28T14:04:00Z,4.00
2026-01-28T14:18:00Z,3.00
2026-01-28T14:22:00Z,4.00
2026-01-28T14:33:00Z,3.00
2026-01-28T14:44:00Z,4.00
2026-01-28T14:45:00Z,4.00
2026-01-28T14:48:00Z,4.00
2026-01-28T14:51:00Z,3.00
2026-01-28T14:52:00Z,4.06
2026-01-28T14:53:00Z,3.83
2026-01-28T15:03:00Z,4.65
2026-01-28T15:07:00Z,4.00
2026-01-28T15:12:00Z,4.00
2026-01-28T15:16:00Z,4.00
2026-01-28T15:17:00Z,3.15
2026-01-28T15:34:00Z,4.00
2026-01-28T15:41:00Z,4.00
2026-01-28T15:44:00Z,4.00
2026-01-28T15:51:00Z,4.00
2026-01-28T15:53:00Z,4.00
2026-01-28T15:54:00Z,4.00
2026-01-28T16:19:00Z,3.60
2026-01-28T16:32:00Z,4.00
2026-01-28T16:33:00Z,3.00
2026-01-28T17:02:00Z,4.00
2026-01-28T17:06:00Z,3.00
2026-01-28T17:09:00Z,4.00
2026-01-28T17:21:00Z,4.00
2026-01-28T17:25:00Z,3.00
2026-01-28T17:28:00Z,4.00
2026-01-28T17:30:00Z,4.00
2026-01-28T17:47:00Z,4.00
2026-01-28T17:55:00Z,4.00
2026-01-28T17:57:00Z,3.00
2026-01-28T17:59:00Z,4.00
2026-01-28T18:02:00Z,4.00
2026-01-28T18:05:00Z,4.00
2026-01-28T18:08:00Z,4.00
2026-01-28T18:12:00Z,4.00
2026-01-28T18:14:00Z,4.00
2026-01-28T18:15:00Z,4.00
2026-01-28T18:21:00Z,4.00
2026-01-28T18:22:00Z,4.00
2026-01-28T18:25:00Z,3.00
2026-01-28T18:26:00Z,3.76
2026-01-28T18:31:00Z,4.00
2026-01-28T18:42:00Z,4.00
2026-01-28T18:44:00Z,3.00
2026-01-28T18:53:00Z,3.00
2026-01-28T19:02:00Z,3.00
2026-01-28T19:04:00Z,4.00
2026-01-28T19:12:00Z,4.87
2026-01-28T19:18:00Z,5.00
2026-01-28T19:21:00Z,4.00
2026-01-28T19:22:00Z,4.00
2026-01-28T19:28:00Z,3.00
2026-01-28T19:29:00Z,4.00
2026-01-28T19:37:00Z,3.00
2026-01-28T19:40:00Z,4.00
2026-01-28T19:41:00Z,3.00
2026-01-28T19:52:00Z,3.00
2026-01-28T19:53:00Z,3.00
2026-01-28T19:57:00Z,3.00
2026-01-28T19:58:00Z,2.00
2026-01-28T20:04:00Z,3.00
2026-01-28T20:05:00Z,3.00
2026-01-28T20:06:00Z,2.00
2026-01-28T20:08:00Z,3.00
2026-01-28T20:09:00Z,3.00
2026-01-28T20:16:00Z,3.00
2026-01-28T20:26:00Z,2.00
2026-01-28T20:37:00Z,3.00
2026-01-28T20:38:00Z,3.03
2026-01-28T20:42:00Z,3.00
2026-01-28T20:43:00Z,4.00
2026-01-28T20:47:00Z,4.02
2026-01-28T20:48:00Z,4.00
2026-01-28T20:57:00Z,4.24
2026-01-28T21:05:00Z,4.62
2026-01-28T21:08:00Z,3.00
2026-01-28T21:10:00Z,4.00
2026-01-28T21:16:00Z,3.84
2026-01-28T21:21:00Z,3.00
2026-01-28T21:32:00Z,3.00
2026-01-28T21:42:00Z,2.35
2026-01-28T21:44:00Z,2.91
2026-01-28T22:02:00Z,3.00
2026-01-28T22:08:00Z,3.00
2026-01-28T22:11:00Z,3.00
2026-01-28T22:20:00Z,3.00
2026-01-28T22:41:00Z,2.00
2026-01-28T22:54:00Z,2.00
2026-01-28T22:55:00Z,3.00
2026-01-28T23:01:00Z,3.00
2026-01-28T23:06:00Z,3.00
2026-01-28T23:11:00Z,3.00
2026-01-28T23:13:00Z,3.00
2026-01-28T23:15:00Z,3.00
2026-01-28T23:16:00Z,3.00
2026-01-28T23:24:00Z,2.23
2026-01-28T23:44:00Z,3.00
2026-01-29T00:04:00Z,3.00
2026-01-29T00:07:00Z,3.00
2026-01-29T00:21:00Z,3.00
2026-01-29T00:25:00Z,3.00
2026-01-29T00:34:00Z,3.00
2026-01-29T00:45:00Z,2.04
2026-01-29T00:47:00Z,2.00
2026-01-29T00:56:00Z,2.00
2026-01-29T01:05:00Z,3.00
2026-01-29T01:15:00Z,3.00
2026-01-29T01:27:00Z,2.00
2026-01-29T01:33:00Z,3.00
2026-01-29T01:34:00Z,3.00
2026-01-29T01:35:00Z,3.00
2026-01-29T01:50:00Z,2.93
2026-01-29T01:54:00Z,3.00
2026-01-29T01:56:00Z,2.00
2026-01-29T02:01:00Z,3.00
2026-01-29T02:04:00Z,3.00
2026-01-29T02:07:00Z,2.00
2026-01-29T02:11:00Z,2.00
2026-01-29T02:18:00Z,2.00
2026-01-29T02:19:00Z,2.00
2026-01-29T02:21:00Z,3.00
2026-01-29T02:30:00Z,3.00
2026-01-29T02:47:00Z,3.00
2026-01-29T02:52:00Z,2.00
2026-01-29T02:59:00Z,2.00
2026-01-29T03:05:00Z,2.00
2026-01-29T03:08:00Z,3.00
2026-01-29T03:15:00Z,2.00
2026-01-29T03:23:00Z,3.00
2026-01-29T03:25:00Z,2.00
2026-01-29T03:26:00Z,3.00
2026-01-29T03:31:00Z,2.55
2026-01-29T03:50:00Z,2.00
2026-01-29T03:56:00Z,2.00
2026-01-29T04:20:00Z,3.00
2026-01-29T04:28:00Z,2.00
2026-01-29T04:29:00Z,2.00
2026-01-29T04:43:00Z,3.00
2026-01-29T04:57:00Z,2.00
2026-01-29T04:59:00Z,3.00
2026-01-29T05:13:00Z,3.00
2026-01-29T05:23:00Z,3.00
2026-01-29T05:29:00Z,2.00
2026-01-29T05:37:00Z,3.00
2026-01-29T05:45:00Z,2.00
2026-01-29T05:59:00Z,3.00
2026-01-29T06:06:00Z,3.00
2026-01-29T06:08:00Z,3.00
2026-01-29T06:15:00Z,2.00
2026-01-29T07:11:00Z,3.00
2026-01-29T07:13:00Z,3.00
2026-01-29T07:32:00Z,2.00
2026-01-29T07:39:00Z,2.00
2026-01-29T07:59:00Z,3.00
2026-01-29T10:20:00Z,3.00
2026-01-29T10:58:00Z,3.00
2026-01-29T10:59:00Z,3.00
2026-01-29T11:10:00Z,3.00
2026-01-29T11:25:00Z,2.00
2026-01-29T11:43:00Z,3.00
2026-01-29T12:07:00Z,3.00
2026-01-29T12:18:00Z,2.99
2026-01-29T12:28:00Z,2.50
2026-01-29T12:52:00Z,3.00
2026-01-29T13:10:00Z,3.00
2026-01-29T13:39:00Z,3.00
2026-01-29T13:44:00Z,3.00
2026-01-29T14:02:00Z,2.00
2026-01-29T14:24:00Z,2.00
2026-01-29T14:31:00Z,2.00
2026-01-29T14:35:00Z,2.00
2026-01-29T14:50:00Z,2.00
2026-01-29T15:01:00Z,3.00
2026-01-29T15:05:00Z,2.00
2026-01-29T15:06:00Z,3.00
2026-01-29T15:07:00Z,2.00
2026-01-29T15:30:00Z,2.00
2026-01-29T15:32:00Z,2.00
2026-01-29T15:34:00Z,2.00
2026-01-29T15:36:00Z,1.00
2026-01-29T15:39:00Z,2.00
2026-01-29T15:59:00Z,2.00
2026-01-29T16:06:00Z,2.00
2026-01-29T16:14:00Z,2.64
2026-01-29T16:26:00Z,2.00
2026-01-29T17:06:00Z,2.00
2026-01-29T17:09:00Z,1.28
2026-01-29T17:10:00Z,1.00
2026-01-29T17:11:00Z,1.00
2026-01-29T17:19:00Z,2.00
2026-01-29T17:20:00Z,2.00
2026-01-29T17:37:00Z,1.00
2026-01-29T17:50:00Z,1.00
2026-01-29T18:14:00Z,1.00
2026-01-29T18:36:00Z,1.00
2026-01-29T18:37:00Z,2.00
2026-01-29T18:41:00Z,1.00
2026-01-29T18:45:00Z,2.00
2026-01-29T18:50:00Z,2.00
2026-01-29T18:55:00Z,2.00
2026-01-29T19:06:00Z,2.00
2026-01-29T19:07:00Z,1.00
2026-01-29T19:30:00Z,1.00
2026-01-29T20:01:00Z,1.00
2026-01-29T20:30:00Z,1.00
2026-01-29T20:45:00Z,1.00
2026-01-29T20:54:00Z,1.00
2026-01-29T21:26:00Z,1.47
2026-01-29T21:31:00Z,1.00
2026-01-29T21:40:00Z,1.00
2026-01-29T22:07:00Z,2.00
2026-01-29T22:16:00Z,1.00
2026-01-29T22:21:00Z,1.00
2026-01-29T23:05:00Z,1.00
2026-01-29T23:12:00Z,1.00
2026-01-29T23:21:00Z,1.00
2026-01-29T23:33:00Z,1.00
2026-01-29T23:54:00Z,1.00
2026-01-30T00:09:00Z,1.00
2026-01-30T00:49:00Z,1.00
2026-01-30T01:46:00Z,1.00
2026-01-30T01:50:00Z,1.00
2026-01-30T02:37:00Z,1.00
2026-01-30T03:16:00Z,1.00
2026-01-30T03:23:00Z,1.00
2026-01-30T03:45:00Z,1.00
2026-01-30T04:08:00Z,1.00
2026-01-30T04:42:00Z,1.00
2026-01-30T05:22:00Z,1.00
2026-01-30T06:36:00Z,1.00
2026-01-30T06:43:00Z,1.00
2026-01-30T06:47:00Z,1.00
2026-01-30T07:54:00Z,1.00
2026-01-30T09:28:00Z,1.00
2026-01-30T10:36:00Z,1.00
2026-01-30T10:46:00Z,1.00
2026-01-30T10:50:00Z,1.00
2026-01-30T12:06:00Z,1.00
2026-01-30T13:27:00Z,1.00
2026-01-30T15:30:00Z,1.00
2026-01-30T16:00:00Z,1.00
2026-01-30T16:31:00Z,1.00
2026-01-30T16:42:00Z,2.00
2026-01-30T16:49:00Z,1.00
2026-01-30T17:10:00Z,1.00
2026-01-30T17:22:00Z,1.00
2026-01-30T17:50:00Z,1.00
2026-01-30T18:07:00Z,1.00
2026-01-30T18:09:00Z,1.00
2026-01-30T18:21:00Z,1.00
2026-01-30T18:26:00Z,1.00
2026-01-30T18:57:00Z,1.00
2026-01-30T19:14:00Z,1.00
2026-01-30T19:28:00Z,1.00
2026-01-30T20:00:00Z,1.00
2026-01-30T20:02:00Z,1.00
2026-01-30T20:59:00Z,1.00
2026-01-30T21:28:00Z,1.00
2026-01-30T21:45:00Z,1.00
2026-01-30T22:12:00Z,1.00
2026-01-30T22:24:00Z,1.00
2026-01-30T22:26:00Z,1.00
2026-01-30T22:39:00Z,1.00
2026-01-30T23:45:00Z,1.00
2026-01-30T23:55:00Z,1.00
2026-01-31T00:31:00Z,1.00
2026-01-31T01:26:00Z,1.00
2026-01-31T01:47:00Z,1.00
2026-01-31T02:00:00Z,1.00
2026-01-31T02:49:00Z,1.00
2026-01-31T04:02:00Z,1.00
2026-01-31T04:46:00Z,1.00
2026-01-31T04:50:00Z,1.00
2026-01-31T05:11:00Z,1.00
2026-01-31T06:14:00Z,1.00
2026-01-31T06:42:00Z,1.00
2026-01-31T07:38:00Z,1.00
2026-01-31T09:37:00Z,1.00
2026-01-31T10:08:00Z,1.00
2026-01-31T13:26:00Z,1.00
2026-01-31T14:06:00Z,1.00
2026-01-31T14:50:00Z,1.00
2026-01-31T14:52:00Z,1.00
2026-01-31T15:11:00Z,1.00
2026-01-31T17:41:00Z,1.00
2026-01-31T18:11:00Z,1.04
2026-01-31T18:46:00Z,1.00
2026-01-31T18:52:00Z,1.00
2026-01-31T19:30:00Z,1.00
2026-01-31T19:31:00Z,1.00
2026-01-31T19:39:00Z,1.00
2026-01-31T19:45:00Z,1.00
2026-01-31T20:01:00Z,1.00
2026-01-31T20:38:00Z,1.00
2026-01-31T21:22:00Z,1.00
2026-01-31T22:40:00Z,1.00
2026-01-31T23:48:00Z,1.00
2026-02-01T00:01:00Z,1.00
2026-02-01T02:58:00Z,1.00
2026-02-01T04:28:00Z,1.00
2026-02-01T04:32:00Z,1.00