timestamp,64° or below,65° to 66°,67° to 68°,69° to 70°,71° to 72°,73° or above
2025-12-15T14:53:00Z,10.00,18.00,29.00,38.00,14.00,9.00
2025-12-15T14:54:00Z,10.00,18.00,29.00,38.00,14.00,9.00
2025-12-15T14:55:00Z,10.33,18.00,29.44,38.93,14.05,9.00
2025-12-15T14:56:00Z,11.00,18.96,30.00,39.00,15.00,9.00
2025-12-15T14:57:00Z,11.00,19.00,30.00,39.00,15.00,9.02
2025-12-15T14:58:00Z,11.00,19.00,30.00,39.00,15.00,10.00
2025-12-15T14:59:00Z,11.00,19.00,30.00,39.00,15.00,10.00
2025-12-15T15:00:00Z,11.00,19.00,30.00,39.00,15.00,10.00
2025-12-15T15:01:00Z,11.00,19.00,30.00,39.00,15.00,10.00
2025-12-15T15:05:00Z,11.00,19.00,30.00,35.00,15.00,7.00
2025-12-15T15:06:00Z,11.00,25.00,26.14,35.00,14.00,7.00
2025-12-15T15:07:00Z,11.00,25.00,27.00,35.86,14.25,7.00
2025-12-15T15:08:00Z,12.00,25.47,27.00,36.00,15.00,7.86
2025-12-15T15:09:00Z,12.98,26.00,27.00,36.00,15.00,8.00
2025-12-15T15:10:00Z,13.00,26.00,27.00,36.00,15.00,8.00
2025-12-15T15:11:00Z,13.00,26.00,27.00,36.00,15.00,8.00
2025-12-15T15:12:00Z,12.11,26.00,27.00,36.00,15.00,8.00
2025-12-15T15:13:00Z,12.18,25.00,26.00,35.00,14.00,8.00
2025-12-15T15:14:00Z,12.00,25.00,26.00,35.00,14.00,8.00
2025-12-15T15:15:00Z,12.68,25.67,26.88,35.00,14.00,7.00
2025-12-15T15:16:00Z,13.00,26.00,27.00,35.86,14.29,7.00
2025-12-15T15:17:00Z,13.00,26.00,27.00,36.00,15.00,7.27
2025-12-15T15:18:00Z,13.00,26.00,26.03,36.00,15.00,8.00
2025-12-15T15:19:00Z,13.00,26.00,27.00,36.00,15.00,8.00
2025-12-15T15:20:00Z,13.00,26.00,27.00,36.00,15.00,8.00
2025-12-15T15:21:00Z,13.00,26.00,27.00,36.00,14.00,8.00
2025-12-15T15:22:00Z,12.09,26.00,27.00,36.00,14.00,7.00
2025-12-15T15:23:00Z,13.00,26.00,27.00,36.00,14.00,7.45
2025-12-15T15:24:00Z,13.00,26.00,27.00,35.00,14.00,8.00
2025-12-15T15:25:00Z,13.00,26.00,26.00,35.00,14.00,8.00
2025-12-15T15:26:00Z,13.00,26.00,26.00,35.69,14.56,8.00
2025-12-15T15:27:00Z,12.00,26.00,26.49,35.69,15.00,8.00
2025-12-15T15:30:00Z,12.00,26.00,27.00,36.00,15.00,7.00
2025-12-15T15:31:00Z,12.08,26.00,27.00,36.00,15.00,7.65
2025-12-15T15:32:00Z,13.00,26.00,27.00,35.00,15.00,8.00
2025-12-15T15:33:00Z,13.00,26.00,27.00,35.04,15.00,8.00
2025-12-15T15:34:00Z,13.00,26.00,26.00,36.00,15.00,8.00
2025-12-15T15:35:00Z,13.00,26.00,26.00,36.00,15.00,8.00
2025-12-15T15:36:00Z,13.00,26.00,26.00,36.00,15.00,8.00
2025-12-15T15:37:00Z,13.00,26.00,26.00,36.00,15.00,8.00
2025-12-15T15:38:00Z,13.00,26.00,26.00,36.00,15.00,8.00
2025-12-15T15:39:00Z,13.00,26.00,26.00,36.00,15.00,8.00
2025-12-15T15:40:00Z,13.00,26.00,26.00,36.00,15.00,8.00
2025-12-15T15:41:00Z,13.00,26.00,26.00,36.00,15.00,8.00
2025-12-15T15:42:00Z,13.00,26.00,26.00,36.00,15.00,8.00
2025-12-15T15:43:00Z,13.00,26.00,26.00,36.00,15.00,8.00
2025-12-15T15:44:00Z,13.00,26.00,26.00,36.00,15.00,8.00
2025-12-15T15:45:00Z,13.00,26.00,26.00,36.00,15.00,8.00
2025-12-15T15:46:00Z,13.00,26.00,26.00,36.00,15.00,8.00
2025-12-15T15:47:00Z,13.00,26.00,26.00,36.00,15.00,8.00
2025-12-15T15:48:00Z,13.00,26.00,26.00,36.00,15.00,8.00
2025-12-15T15:49:00Z,13.00,26.00,26.00,36.00,15.00,8.00
2025-12-15T15:50:00Z,13.00,26.00,26.00,36.00,15.00,8.00
2025-12-15T15:51:00Z,13.00,26.00,26.00,36.00,15.00,8.00
2025-12-15T15:52:00Z,13.00,26.00,26.00,36.00,15.00,8.00
2025-12-15T15:53:00Z,13.00,26.00,26.00,36.00,15.00,8.00
2025-12-15T15:54:00Z,13.00,26.00,26.00,36.00,15.00,8.00
2025-12-15T15:55:00Z,13.00,26.00,26.00,36.00,15.00,8.00
2025-12-15T15:56:00Z,13.00,26.00,26.00,36.00,15.00,8.00
2025-12-15T15:57:00Z,13.00,26.00,26.81,36.00,15.00,8.00
2025-12-15T15:58:00Z,13.00,26.00,27.00,36.00,15.00,8.00
2025-12-15T15:59:00Z,13.00,26.00,27.00,36.00,15.00,8.00
2025-12-15T16:00:00Z,13.00,26.00,27.00,36.00,15.00,8.00
2025-12-15T16:01:00Z,13.00,26.00,27.00,36.00,15.00,8.00
2025-12-15T16:02:00Z,13.00,26.00,27.00,36.00,15.00,8.00
2025-12-15T16:03:00Z,13.00,26.00,27.00,36.00,15.00,8.00
2025-12-15T16:04:00Z,13.00,26.00,27.00,36.00,15.00,8.00
2025-12-15T16:05:00Z,13.00,26.00,27.00,36.00,15.00,8.00
2025-12-15T16:06:00Z,13.00,26.00,27.00,36.00,15.00,8.00
2025-12-15T16:09:00Z,13.00,26.00,27.00,36.00,15.00,8.00
2025-12-15T16:10:00Z,13.00,26.00,27.00,36.00,15.00,8.00
2025-12-15T16:11:00Z,13.00,26.00,27.00,36.00,15.00,8.00
2025-12-15T16:12:00Z,14.00,26.00,27.00,36.00,15.00,8.00
2025-12-15T16:13:00Z,14.00,25.00,26.00,36.00,12.31,5.19
2025-12-15T16:14:00Z,14.00,25.00,26.00,36.00,9.00,3.00
2025-12-15T16:15:00Z,14.00,25.00,26.00,35.00,9.00,3.00
2025-12-15T16:16:00Z,14.00,25.00,26.00,35.00,9.00,3.00
2025-12-15T16:17:00Z,14.00,25.00,26.00,35.00,9.00,3.00
2025-12-15T16:18:00Z,14.00,25.00,26.00,35.00,9.00,3.00
2025-12-15T16:19:00Z,14.00,25.00,26.00,35.00,9.00,3.00
2025-12-15T16:20:00Z,14.00,25.00,26.00,35.00,9.00,3.00
2025-12-15T16:21:00Z,14.00,25.00,26.00,35.00,9.00,3.00
2025-12-15T16:22:00Z,14.00,25.00,26.00,35.00,9.00,3.00
2025-12-15T16:23:00Z,14.00,25.00,26.00,35.00,9.00,3.00
2025-12-15T16:24:00Z,14.00,25.00,26.00,35.00,9.00,3.00
2025-12-15T16:25:00Z,14.00,25.00,26.00,35.00,9.00,3.00
2025-12-15T16:26:00Z,14.00,25.00,26.00,35.00,9.00,3.00
2025-12-15T16:27:00Z,14.00,25.00,26.00,35.00,9.00,3.00
2025-12-15T16:28:00Z,14.00,25.00,26.00,35.00,9.00,3.00
2025-12-15T16:29:00Z,14.00,25.00,26.00,35.00,9.00,3.00
2025-12-15T16:30:00Z,14.00,25.00,26.00,35.00,9.00,3.00
2025-12-15T16:31:00Z,14.00,25.00,26.00,35.00,9.00,3.00
2025-12-15T16:32:00Z,14.00,25.00,26.00,35.00,9.00,3.00
2025-12-15T16:33:00Z,14.00,25.00,26.00,35.00,9.00,3.00
2025-12-15T16:34:00Z,14.00,25.00,26.00,35.00,9.00,3.00
2025-12-15T16:35:00Z,14.00,25.00,26.00,35.00,9.00,3.00
2025-12-15T16:36:00Z,14.00,25.00,26.00,35.00,9.00,3.00
2025-12-15T16:37:00Z,14.00,25.00,26.00,35.00,9.00,3.00
2025-12-15T16:38:00Z,14.00,25.00,26.00,35.00,9.00,3.00
2025-12-15T16:39:00Z,14.00,25.00,26.00,35.00,9.00,3.00
2025-12-15T16:40:00Z,14.00,25.00,26.00,35.00,9.00,3.00
2025-12-15T16:41:00Z,14.00,25.00,26.00,35.00,9.00,3.00
2025-12-15T16:42:00Z,14.00,25.00,26.00,35.00,9.00,3.00
2025-12-15T16:43:00Z,14.00,25.00,26.00,35.00,9.00,3.00
2025-12-15T16:44:00Z,14.00,25.00,26.00,35.00,9.00,3.00
2025-12-15T16:45:00Z,14.00,25.00,26.00,35.00,9.00,3.00
2025-12-15T16:46:00Z,14.00,25.00,26.00,35.00,9.00,3.00
2025-12-15T16:47:00Z,14.00,25.00,26.00,35.00,9.00,3.00
2025-12-15T16:48:00Z,14.00,25.00,26.00,35.00,9.00,3.00
2025-12-15T16:49:00Z,14.00,25.00,26.00,35.00,9.00,3.00
2025-12-15T16:50:00Z,14.00,25.00,26.00,35.00,9.00,3.00
2025-12-15T16:51:00Z,14.00,25.00,26.00,35.00,9.00,3.00
2025-12-15T16:52:00Z,14.00,25.00,26.00,35.00,9.00,3.00
2025-12-15T16:53:00Z,14.00,25.00,26.00,35.00,9.00,3.00
2025-12-15T16:54:00Z,14.00,25.00,26.00,35.00,9.00,3.00
2025-12-15T16:55:00Z,14.00,25.00,26.00,35.00,9.00,3.00
2025-12-15T16:56:00Z,14.00,25.00,26.00,35.00,9.00,3.00
2025-12-15T16:57:00Z,14.00,25.00,26.00,35.00,9.00,3.00
2025-12-15T16:58:00Z,14.00,25.00,26.00,35.00,9.00,3.00
2025-12-15T16:59:00Z,14.00,25.00,26.00,35.00,9.00,3.00
2025-12-15T17:00:00Z,14.00,25.00,26.00,35.00,9.00,3.00
2025-12-15T17:01:00Z,14.00,25.00,26.00,35.00,9.00,3.00
2025-12-15T17:02:00Z,14.00,25.00,26.00,35.00,9.00,3.00
2025-12-15T17:03:00Z,14.00,25.00,26.00,35.00,9.00,3.00
2025-12-15T17:04:00Z,14.00,25.00,26.00,35.00,9.00,3.00
2025-12-15T17:07:00Z,14.00,25.00,26.00,35.00,9.00,3.00
2025-12-15T17:08:00Z,14.00,25.00,26.00,35.00,9.00,3.00
2025-12-15T17:09:00Z,14.00,25.00,26.00,35.00,9.00,3.00
2025-12-15T17:10:00Z,14.00,25.00,26.00,35.00,9.00,3.00
2025-12-15T17:11:00Z,14.00,25.00,26.00,35.00,9.00,3.00
2025-12-15T17:12:00Z,14.00,25.00,25.00,35.00,9.00,3.00
2025-12-15T17:13:00Z,14.00,25.00,25.00,35.00,9.00,3.00
2025-12-15T17:14:00Z,14.00,25.00,25.00,35.00,9.00,3.00
2025-12-15T17:15:00Z,14.00,25.00,25.00,35.00,9.00,3.00
2025-12-15T17:16:00Z,14.00,25.00,25.00,35.00,9.00,3.00
2025-12-15T17:17:00Z,14.00,25.00,25.00,35.00,9.00,3.00
2025-12-15T17:18:00Z,14.00,25.00,25.00,35.00,9.00,3.00
2025-12-15T17:19:00Z,14.00,25.00,25.00,35.00,9.00,3.00
2025-12-15T17:20:00Z,14.00,25.00,25.00,35.00,9.00,3.00
2025-12-15T17:21:00Z,14.00,25.00,25.00,35.00,9.00,3.00
2025-12-15T17:22:00Z,14.00,25.00,25.00,35.00,9.00,3.00
2025-12-15T17:23:00Z,14.00,25.00,25.00,35.00,9.00,3.00
2025-12-15T17:24:00Z,14.00,25.00,25.00,35.00,9.00,3.00
2025-12-15T17:25:00Z,14.00,25.00,25.00,35.00,9.00,3.00
2025-12-15T17:26:00Z,14.00,25.00,25.00,35.00,9.00,3.00
2025-12-15T17:27:00Z,14.00,25.00,25.00,35.00,9.00,3.00
2025-12-15T17:28:00Z,14.00,25.00,25.39,35.00,9.00,3.00
2025-12-15T17:29:00Z,14.00,25.00,25.00,35.00,9.00,3.00
2025-12-15T17:30:00Z,14.00,25.00,25.00,35.00,9.00,3.00
2025-12-15T17:31:00Z,14.00,25.00,25.00,35.00,9.00,3.00
2025-12-15T17:32:00Z,14.00,29.23,25.00,35.00,9.00,3.00
2025-12-15T17:33:00Z,14.00,30.00,25.44,35.00,9.00,3.00
2025-12-15T17:34:00Z,14.00,30.00,25.00,35.00,9.00,3.00
2025-12-15T17:35:00Z,14.00,30.00,25.00,35.00,9.00,3.00
2025-12-15T17:36:00Z,14.00,30.00,25.00,35.00,9.00,3.00
2025-12-15T17:37:00Z,14.00,30.00,25.00,35.00,9.00,3.00
2025-12-15T17:38:00Z,14.00,30.00,25.00,35.00,9.00,3.00
2025-12-15T17:39:00Z,14.00,30.00,25.00,35.00,9.00,3.00
2025-12-15T17:40:00Z,14.00,30.00,25.00,35.00,9.00,3.00
2025-12-15T17:41:00Z,14.00,30.00,25.00,35.00,9.00,3.00
2025-12-15T17:42:00Z,14.00,30.00,25.00,35.00,9.00,3.00
2025-12-15T17:43:00Z,14.00,30.00,25.58,35.00,9.00,3.00
2025-12-15T17:44:00Z,14.00,30.00,25.00,35.00,9.00,3.00
2025-12-15T17:45:00Z,14.00,30.00,25.00,35.00,9.00,3.00
2025-12-15T17:46:00Z,14.00,30.00,25.00,35.00,9.00,3.00
2025-12-15T17:47:00Z,14.00,30.00,25.00,35.00,9.00,3.00
2025-12-15T17:48:00Z,14.00,30.00,25.00,35.00,9.00,3.00
2025-12-15T17:49:00Z,14.00,30.00,25.00,35.00,9.00,3.00
2025-12-15T17:50:00Z,14.00,30.00,25.00,35.00,9.00,3.00
2025-12-15T17:51:00Z,14.00,30.00,25.00,35.00,9.00,3.00
2025-12-15T17:52:00Z,14.00,30.00,25.00,35.00,9.00,3.00
2025-12-15T17:53:00Z,14.00,30.00,25.00,35.00,9.00,3.00
2025-12-15T17:54:00Z,14.00,30.00,25.00,35.00,9.00,3.00
2025-12-15T17:55:00Z,14.00,30.00,25.00,35.00,9.00,3.00
2025-12-15T17:56:00Z,14.00,30.00,25.00,35.00,9.00,3.00
2025-12-15T17:57:00Z,14.00,30.00,25.00,35.00,9.00,3.00
2025-12-15T17:58:00Z,14.00,30.00,25.00,35.00,9.00,3.00
2025-12-15T17:59:00Z,14.00,30.00,25.00,35.00,9.00,3.00
2025-12-15T18:00:00Z,14.00,30.00,25.00,35.00,9.00,3.00
2025-12-15T18:01:00Z,14.00,30.00,25.00,35.00,9.00,3.00
2025-12-15T18:02:00Z,14.00,30.00,25.00,35.00,9.00,3.00
2025-12-15T18:03:00Z,14.00,30.00,25.00,35.00,9.00,3.00
2025-12-15T18:04:00Z,14.00,30.00,25.00,35.00,9.00,3.00
2025-12-15T18:05:00Z,14.00,30.00,25.00,35.00,9.00,3.00
2025-12-15T18:06:00Z,14.00,30.00,25.00,35.00,9.00,3.00
2025-12-15T18:07:00Z,14.00,30.00,25.00,35.00,9.00,3.00
2025-12-15T18:08:00Z,14.00,30.00,25.00,35.00,9.00,3.00
2025-12-15T18:09:00Z,14.00,30.00,25.00,35.00,9.00,3.00
2025-12-15T18:10:00Z,14.00,30.00,25.00,35.00,9.00,3.00
2025-12-15T18:11:00Z,14.00,30.00,25.00,35.00,9.00,3.00
2025-12-15T18:12:00Z,14.00,30.00,25.00,35.00,9.00,3.00
2025-12-15T18:13:00Z,14.00,30.00,25.00,35.00,9.00,3.00
2025-12-15T18:14:00Z,14.00,30.00,25.00,35.00,9.00,3.00
2025-12-15T18:15:00Z,14.00,30.00,25.00,35.00,9.00,3.00
2025-12-15T18:16:00Z,14.00,30.00,25.00,35.00,9.00,3.00
2025-12-15T18:17:00Z,14.00,30.00,25.00,35.00,9.00,3.00
2025-12-15T18:18:00Z,14.00,30.00,25.00,35.00,9.00,3.00
2025-12-15T18:19:00Z,14.00,30.00,25.00,35.00,9.00,3.00
2025-12-15T18:20:00Z,14.00,30.00,25.00,35.00,9.00,3.00
2025-12-15T18:21:00Z,14.00,30.00,25.14,35.00,9.00,3.00
2025-12-15T18:22:00Z,14.00,30.00,25.00,35.00,9.00,3.00
2025-12-15T18:23:00Z,14.00,30.00,25.00,35.00,9.00,3.00
2025-12-15T18:24:00Z,14.00,30.00,25.00,35.00,9.00,3.00
2025-12-15T18:25:00Z,14.00,30.00,25.00,35.00,9.00,3.00
2025-12-15T18:26:00Z,14.00,30.00,25.00,35.00,9.00,3.00
2025-12-15T18:27:00Z,14.00,30.00,25.00,35.00,9.00,3.00
2025-12-15T18:28:00Z,14.00,30.00,25.00,35.00,9.00,3.00
2025-12-15T18:29:00Z,14.00,30.00,25.00,35.00,9.00,3.00
2025-12-15T18:30:00Z,14.00,30.00,25.00,35.00,9.00,3.00
2025-12-15T18:31:00Z,14.00,30.00,25.00,35.00,9.00,3.00
2025-12-15T18:32:00Z,14.00,30.00,25.00,35.00,9.00,3.00
2025-12-15T18:33:00Z,14.00,30.00,25.00,35.00,9.00,3.00
2025-12-15T18:34:00Z,14.00,30.00,25.50,35.00,9.00,3.00
2025-12-15T18:35:00Z,14.00,30.00,25.33,35.00,9.00,3.00
2025-12-15T18:36:00Z,14.00,35.00,23.02,35.00,8.18,3.00
2025-12-15T18:37:00Z,14.00,35.00,25.00,35.00,9.00,3.17
2025-12-15T18:38:00Z,14.00,35.00,25.00,35.00,9.00,4.00
2025-12-15T18:39:00Z,14.00,35.00,25.00,35.00,9.00,4.00
2025-12-15T18:40:00Z,14.00,35.00,25.60,35.00,9.00,4.00
2025-12-15T18:41:00Z,14.00,35.00,26.00,35.00,9.00,4.00
2025-12-15T18:42:00Z,14.00,35.00,26.00,35.00,9.00,4.00
2025-12-15T18:43:00Z,14.00,35.00,26.00,35.00,9.00,4.00
2025-12-15T18:44:00Z,14.00,35.00,26.00,35.00,9.00,4.00
2025-12-15T18:45:00Z,14.00,35.00,26.00,35.00,9.00,4.00
2025-12-15T18:46:00Z,14.00,35.00,26.00,35.00,9.00,4.00
2025-12-15T18:47:00Z,14.00,35.00,26.00,35.00,9.00,4.00
2025-12-15T18:48:00Z,14.00,35.00,26.00,35.00,9.00,4.00
2025-12-15T18:49:00Z,14.00,35.00,27.00,35.00,9.00,4.00
2025-12-15T18:50:00Z,14.00,35.00,27.00,35.00,9.00,4.00
2025-12-15T18:51:00Z,14.00,35.00,27.00,35.00,9.00,4.00
2025-12-15T18:52:00Z,14.00,35.00,27.00,35.00,9.00,4.00
2025-12-15T18:53:00Z,14.00,35.00,27.00,35.00,9.00,4.00
2025-12-15T18:54:00Z,14.00,35.00,27.00,35.00,9.00,4.00
2025-12-15T18:55:00Z,14.00,35.00,27.00,35.00,9.00,4.00
2025-12-15T18:56:00Z,14.00,35.00,27.00,35.00,9.00,4.00
2025-12-15T18:57:00Z,14.00,35.00,27.00,35.00,9.00,4.00
2025-12-15T18:58:00Z,14.00,35.00,27.00,35.00,9.00,4.00
2025-12-15T18:59:00Z,14.00,35.00,27.00,35.00,9.00,4.00
2025-12-15T19:00:00Z,14.00,35.00,27.00,35.00,9.00,4.00
2025-12-15T19:01:00Z,14.00,35.00,27.00,35.00,9.00,4.00
2025-12-15T19:02:00Z,14.00,35.00,27.00,35.00,9.00,4.00
2025-12-15T19:03:00Z,14.00,35.00,27.00,35.00,9.00,4.00
2025-12-15T19:04:00Z,14.00,35.00,27.00,35.00,9.00,4.00
2025-12-15T19:05:00Z,14.00,35.00,27.00,35.00,9.00,4.00
2025-12-15T19:06:00Z,14.00,35.00,27.00,35.00,9.00,4.00
2025-12-15T19:07:00Z,14.00,35.00,27.00,35.00,9.00,4.00
2025-12-15T19:08:00Z,14.00,35.00,27.00,35.00,9.00,4.00
2025-12-15T19:09:00Z,14.00,35.00,27.00,35.00,9.00,4.00
2025-12-15T19:10:00Z,14.00,35.00,27.00,35.00,9.00,4.00
2025-12-15T19:11:00Z,14.00,35.00,27.00,35.00,9.00,4.00
2025-12-15T19:12:00Z,14.00,35.00,27.00,35.00,9.00,4.00
2025-12-15T19:13:00Z,14.00,35.00,27.00,35.00,9.00,4.00
2025-12-15T19:14:00Z,14.00,35.00,27.00,35.00,9.00,4.00
2025-12-15T19:15:00Z,14.00,35.00,27.00,35.00,9.00,4.00
2025-12-15T19:16:00Z,14.00,35.00,27.00,35.00,9.00,4.00
2025-12-15T19:17:00Z,14.00,35.00,27.00,35.00,9.00,4.00
2025-12-15T19:18:00Z,14.00,35.00,27.00,35.00,9.00,4.00
2025-12-15T19:19:00Z,14.00,35.00,27.00,35.00,9.00,4.00
2025-12-15T19:20:00Z,14.00,35.00,27.00,35.00,9.00,4.00
2025-12-15T19:21:00Z,14.00,35.00,27.00,35.00,9.00,4.00
2025-12-15T19:22:00Z,14.00,35.00,27.00,35.00,9.00,4.00
2025-12-15T19:23:00Z,14.00,35.00,27.00,35.00,9.00,4.00
2025-12-15T19:24:00Z,14.00,35.00,27.00,35.00,9.00,4.00
2025-12-15T19:25:00Z,14.00,35.00,27.00,35.00,9.00,4.00
2025-12-15T19:26:00Z,14.00,35.00,27.00,35.00,9.00,4.00
2025-12-15T19:27:00Z,14.00,35.00,27.00,35.00,9.00,4.00
2025-12-15T19:28:00Z,14.00,35.00,27.00,35.00,9.00,4.00
2025-12-15T19:29:00Z,14.00,35.00,27.00,35.00,8.46,4.00
2025-12-15T19:30:00Z,14.00,35.00,27.00,35.00,9.00,4.00
2025-12-15T19:31:00Z,14.00,35.00,27.00,35.00,9.00,4.00
2025-12-15T19:32:00Z,14.00,35.00,27.00,35.00,9.00,4.00
2025-12-15T19:33:00Z,14.00,35.00,27.00,35.00,9.00,4.00
2025-12-15T19:34:00Z,14.00,35.00,27.00,35.00,9.00,4.00
2025-12-15T19:35:00Z,14.00,35.00,27.00,35.00,9.00,4.00
2025-12-15T19:36:00Z,14.00,35.00,27.00,35.00,9.00,4.00
2025-12-15T19:37:00Z,14.00,35.00,27.00,35.00,9.00,4.00
2025-12-15T19:38:00Z,14.00,35.00,27.00,35.00,9.00,4.00
2025-12-15T19:39:00Z,14.00,35.00,27.00,35.00,9.00,4.00
2025-12-15T19:40:00Z,14.00,35.00,27.00,35.00,9.00,4.00
2025-12-15T19:41:00Z,14.00,35.00,27.00,35.00,9.00,4.00
2025-12-15T19:42:00Z,14.00,35.00,27.00,35.00,9.00,4.00
2025-12-15T19:43:00Z,14.00,35.00,27.00,35.00,9.00,4.00
2025-12-15T19:44:00Z,14.00,35.00,27.00,35.00,9.00,4.00
2025-12-15T19:45:00Z,14.00,35.00,27.00,35.00,9.00,4.00
2025-12-15T19:46:00Z,14.00,35.00,27.00,35.00,9.00,4.00
2025-12-15T19:47:00Z,14.00,35.00,27.00,35.00,9.00,4.00
2025-12-15T19:48:00Z,14.00,35.00,27.00,35.00,9.00,4.00
2025-12-15T19:49:00Z,14.00,35.00,27.00,35.00,9.00,4.00
2025-12-15T19:50:00Z,14.00,35.00,27.00,35.00,9.00,4.00
2025-12-15T19:51:00Z,14.00,35.00,27.00,35.00,9.00,4.00
2025-12-15T19:52:00Z,14.00,35.00,27.00,35.00,9.00,4.00
2025-12-15T19:53:00Z,14.00,35.00,27.00,35.00,9.00,4.00
2025-12-15T19:54:00Z,14.00,35.00,27.00,35.00,9.00,4.00
2025-12-15T19:55:00Z,14.00,35.00,27.00,35.00,9.00,4.00
2025-12-15T19:56:00Z,14.00,35.00,27.00,35.00,9.00,4.00
2025-12-15T19:57:00Z,14.00,35.00,27.00,35.00,9.00,4.00
2025-12-15T19:58:00Z,14.00,35.00,27.00,35.00,9.00,4.00
2025-12-15T19:59:00Z,14.00,35.00,27.00,35.00,9.00,4.00
2025-12-15T20:00:00Z,14.00,35.00,27.00,35.00,9.00,4.00
2025-12-15T20:01:00Z,14.00,35.00,27.00,35.00,9.00,4.00
2025-12-15T20:02:00Z,14.00,35.00,27.00,35.00,9.00,4.00
2025-12-15T20:03:00Z,14.00,35.00,27.00,35.00,9.00,4.00
2025-12-15T20:04:00Z,14.00,35.00,27.00,35.00,9.00,4.00
2025-12-15T20:05:00Z,14.00,35.00,27.00,35.00,9.00,4.00
2025-12-15T20:06:00Z,14.00,35.00,27.00,35.00,9.00,4.00
2025-12-15T20:07:00Z,14.00,35.00,27.00,35.00,9.00,4.00
2025-12-15T20:08:00Z,14.00,35.00,27.00,35.00,9.00,4.00
2025-12-15T20:09:00Z,14.00,35.00,27.00,35.00,9.00,4.00
2025-12-15T20:10:00Z,14.00,35.00,27.00,35.00,9.00,4.00
2025-12-15T20:11:00Z,14.00,35.00,27.00,35.00,9.00,4.00
2025-12-15T20:12:00Z,14.00,35.00,27.00,35.00,9.00,4.00
2025-12-15T20:13:00Z,14.00,35.00,27.00,35.00,9.00,4.00
2025-12-15T20:14:00Z,14.00,35.00,27.00,35.00,9.00,4.00
2025-12-15T20:15:00Z,14.00,35.00,27.00,35.00,9.00,4.00
2025-12-15T20:16:00Z,14.00,35.00,27.00,34.26,9.00,4.00
2025-12-15T20:17:00Z,14.00,35.00,38.00,34.29,8.54,4.00
2025-12-15T20:18:00Z,14.00,35.00,38.00,34.06,9.00,4.00
2025-12-15T20:19:00Z,14.00,35.00,38.78,34.19,9.00,4.00
2025-12-15T20:20:00Z,14.00,35.00,39.00,34.45,9.00,4.00
2025-12-15T20:21:00Z,14.00,35.00,39.00,34.21,9.00,4.00
2025-12-15T20:22:00Z,13.46,35.00,39.00,34.10,9.00,4.00
2025-12-15T20:23:00Z,14.00,35.00,39.00,34.10,9.00,4.00
2025-12-15T20:24:00Z,14.00,35.00,38.00,34.36,9.00,4.00
2025-12-15T20:25:00Z,14.00,35.00,38.00,34.59,9.00,4.00
2025-12-15T20:26:00Z,14.00,35.00,38.11,34.27,9.00,4.00
2025-12-15T20:27:00Z,14.00,35.00,39.00,34.30,9.00,4.00
2025-12-15T20:28:00Z,13.24,35.00,39.00,34.15,9.00,4.00
2025-12-15T20:29:00Z,14.00,35.00,39.00,34.28,9.00,4.00
2025-12-15T20:30:00Z,14.00,35.00,38.00,36.00,9.00,4.00
2025-12-15T20:31:00Z,14.00,35.00,38.66,34.27,9.00,4.00
2025-12-15T20:32:00Z,14.00,35.00,39.00,36.00,9.00,4.00
2025-12-15T20:33:00Z,14.00,35.00,39.00,36.00,9.00,4.00
2025-12-15T20:34:00Z,14.00,35.00,39.00,36.00,9.00,4.00
2025-12-15T20:35:00Z,14.00,35.00,38.00,34.17,9.00,4.00
2025-12-15T20:36:00Z,14.00,35.00,38.00,34.34,9.00,4.00
2025-12-15T20:37:00Z,14.00,35.00,38.00,36.00,9.00,4.00
2025-12-15T20:38:00Z,14.00,35.00,38.49,36.00,9.00,4.00
2025-12-15T20:39:00Z,14.00,35.00,39.00,34.39,9.00,4.00
2025-12-15T20:40:00Z,14.00,35.00,39.00,34.30,9.00,4.00
2025-12-15T20:41:00Z,14.00,35.00,39.00,36.00,9.00,4.00
2025-12-15T20:42:00Z,14.00,35.00,39.00,34.20,9.00,4.00
2025-12-15T20:43:00Z,14.00,35.00,39.00,36.00,9.00,4.00
2025-12-15T20:44:00Z,14.00,35.00,38.00,34.21,9.00,4.00
2025-12-15T20:45:00Z,14.00,35.00,39.00,34.01,9.00,4.00
2025-12-15T20:46:00Z,14.00,35.00,39.00,36.00,9.00,4.00
2025-12-15T20:47:00Z,14.00,35.00,39.00,34.27,9.00,4.00
2025-12-15T20:48:00Z,14.00,35.00,39.00,34.25,9.00,4.00
2025-12-15T20:49:00Z,14.00,35.00,39.00,36.00,9.00,4.00
2025-12-15T20:50:00Z,14.00,35.00,39.00,36.00,9.00,4.00
2025-12-15T20:51:00Z,14.00,35.00,39.00,36.00,9.00,4.00
2025-12-15T20:52:00Z,14.00,35.00,39.00,36.00,9.00,4.00
2025-12-15T20:53:00Z,14.00,35.00,39.00,36.00,9.00,4.00
2025-12-15T20:54:00Z,14.00,35.55,39.00,36.00,9.00,4.00
2025-12-15T20:55:00Z,14.00,36.00,22.00,36.00,9.00,4.00
2025-12-15T20:56:00Z,14.00,36.00,22.00,36.00,9.00,4.00
2025-12-15T20:57:00Z,14.00,36.00,22.00,36.00,9.00,4.00
2025-12-15T20:58:00Z,14.00,36.00,22.00,36.00,9.00,4.00
2025-12-15T20:59:00Z,14.00,36.00,22.00,36.00,9.00,4.00
2025-12-15T21:00:00Z,14.00,36.00,21.83,36.00,9.00,4.00
2025-12-15T21:05:00Z,14.00,36.00,21.83,36.00,9.00,4.00
2025-12-15T21:06:00Z,14.00,36.00,21.83,36.00,9.00,4.00
2025-12-15T21:07:00Z,14.00,36.00,21.83,36.00,9.00,4.00
2025-12-15T21:08:00Z,14.00,36.00,21.83,36.00,9.00,4.00
2025-12-15T21:09:00Z,14.00,36.00,10.00,36.00,9.00,4.00
2025-12-15T21:10:00Z,14.00,36.00,10.00,36.00,9.00,4.00
2025-12-15T21:11:00Z,14.00,36.00,10.00,36.00,9.00,4.00
2025-12-15T21:12:00Z,14.00,36.00,10.00,36.00,9.00,4.00
2025-12-15T21:13:00Z,14.00,36.00,10.00,36.00,9.00,4.00
2025-12-15T21:14:00Z,14.00,36.00,10.48,36.00,9.00,4.00
2025-12-15T21:15:00Z,14.00,36.00,11.00,36.00,9.00,4.00
2025-12-15T21:16:00Z,14.00,36.00,11.00,36.00,9.00,4.00
2025-12-15T21:18:00Z,14.00,36.00,11.00,36.00,9.00,4.00
2025-12-15T21:19:00Z,14.00,36.00,11.00,36.00,9.00,4.00
2025-12-15T21:20:00Z,14.00,36.00,11.00,36.00,9.00,4.00
2025-12-15T21:21:00Z,14.00,36.00,11.00,36.00,9.00,4.00
2025-12-15T21:22:00Z,14.00,36.00,11.00,36.00,9.00,4.00
2025-12-15T21:23:00Z,14.00,36.00,11.00,36.00,9.00,4.00
2025-12-15T21:24:00Z,14.00,36.00,11.00,36.00,9.00,4.00
2025-12-15T21:25:00Z,14.00,36.00,11.00,36.00,9.00,4.00
2025-12-15T21:26:00Z,14.00,36.00,11.00,36.00,9.00,4.00
2025-12-15T21:27:00Z,14.00,36.00,11.00,36.00,9.00,4.00
2025-12-15T21:28:00Z,14.00,36.00,11.00,36.00,9.00,4.00
2025-12-15T21:29:00Z,14.00,36.00,11.00,36.00,9.00,4.00
2025-12-15T21:30:00Z,14.00,36.00,11.00,36.00,9.00,4.00
2025-12-15T21:31:00Z,14.00,36.00,11.00,36.00,9.00,4.00
2025-12-15T21:32:00Z,14.00,36.00,11.00,36.00,9.00,4.00
2025-12-15T21:33:00Z,14.00,36.00,11.00,36.00,9.00,4.00
2025-12-15T21:36:00Z,14.00,36.00,11.00,36.00,9.00,4.00
2025-12-15T21:37:00Z,14.00,36.00,10.00,36.00,9.00,4.00
2025-12-15T21:38:00Z,14.00,36.00,10.41,36.00,9.00,4.00
2025-12-15T21:39:00Z,14.00,36.00,11.00,36.00,9.00,4.00
2025-12-15T21:40:00Z,14.00,36.00,11.00,36.00,9.00,4.00
2025-12-15T21:41:00Z,14.00,36.00,11.00,36.00,9.00,4.00
2025-12-15T21:42:00Z,14.00,36.00,10.00,36.00,9.00,4.00
2025-12-15T21:43:00Z,14.00,36.00,10.84,36.00,9.00,4.00
2025-12-15T21:44:00Z,14.00,36.00,11.00,36.00,9.00,4.00
2025-12-15T21:45:00Z,14.00,36.00,11.00,36.00,9.00,4.00
2025-12-15T21:46:00Z,14.00,36.00,10.00,36.00,9.00,4.00
2025-12-15T21:47:00Z,14.00,36.00,10.00,36.00,9.00,4.00
2025-12-15T21:48:00Z,14.00,36.00,10.50,36.00,9.00,4.00
2025-12-15T21:49:00Z,14.00,36.00,11.00,36.00,9.00,4.00
2025-12-15T21:50:00Z,14.00,36.00,11.00,36.00,9.00,4.00
2025-12-15T21:51:00Z,14.00,36.00,11.00,36.00,9.00,4.00
2025-12-15T21:52:00Z,14.00,36.00,10.00,36.00,9.00,4.00
2025-12-15T21:53:00Z,14.00,36.00,10.15,36.00,9.00,4.00
2025-12-15T21:54:00Z,14.00,36.00,11.00,36.00,9.00,4.00
2025-12-15T21:55:00Z,14.00,36.00,11.00,36.00,9.00,4.00
2025-12-15T21:56:00Z,14.00,36.00,11.00,36.00,9.00,4.00
2025-12-15T21:57:00Z,14.00,36.00,11.00,36.00,9.00,4.00
2025-12-15T21:58:00Z,14.00,36.00,10.00,36.00,9.00,4.00
2025-12-15T21:59:00Z,14.00,36.00,10.18,36.00,9.00,4.00
2025-12-15T22:00:00Z,14.00,36.00,11.00,36.00,9.00,4.00
2025-12-15T22:01:00Z,14.00,36.00,11.00,36.00,9.00,4.00
2025-12-15T22:02:00Z,14.63,36.00,11.00,36.00,9.00,4.00
2025-12-15T22:03:00Z,15.00,36.00,11.00,36.00,9.00,4.00
2025-12-15T22:04:00Z,15.00,36.00,11.00,36.00,9.00,4.00
2025-12-15T22:05:00Z,15.00,36.00,11.00,36.00,9.00,4.00
2025-12-15T22:06:00Z,15.00,36.00,10.00,36.00,9.00,4.00
2025-12-15T22:07:00Z,15.00,36.00,10.25,36.00,9.00,4.00
2025-12-15T22:08:00Z,15.00,36.00,11.00,36.00,9.00,4.00
2025-12-15T22:09:00Z,15.00,36.00,10.71,36.00,9.00,4.00
2025-12-15T22:10:00Z,15.00,36.00,10.04,36.00,9.00,4.00
2025-12-15T22:11:00Z,15.00,36.00,11.00,36.00,9.00,4.00
2025-12-15T22:12:00Z,15.00,36.00,11.00,36.00,9.00,4.00
2025-12-15T22:13:00Z,15.00,36.00,11.00,36.00,9.00,4.00
2025-12-15T22:14:00Z,15.00,36.00,11.00,36.00,9.00,4.00
2025-12-15T22:15:00Z,15.00,36.00,11.00,36.00,9.00,4.00
2025-12-15T22:16:00Z,15.00,36.00,11.00,36.00,9.00,4.00
2025-12-15T22:17:00Z,15.00,36.00,11.00,36.00,9.00,4.00
2025-12-15T22:18:00Z,15.00,36.00,11.00,36.00,9.00,4.00
2025-12-15T22:19:00Z,15.00,36.00,11.00,36.00,9.00,4.00
2025-12-15T22:20:00Z,15.00,36.00,11.00,36.00,9.00,4.00
2025-12-15T22:21:00Z,15.00,36.00,11.00,36.00,9.00,4.00
2025-12-15T22:22:00Z,15.00,36.00,11.00,36.00,9.00,4.00
2025-12-15T22:23:00Z,15.00,36.00,11.00,36.00,9.00,4.00
2025-12-15T22:24:00Z,15.00,36.00,11.00,36.00,9.00,4.00
2025-12-15T22:25:00Z,15.00,36.00,11.00,36.00,9.00,4.00
2025-12-15T22:26:00Z,15.00,36.00,11.00,36.00,9.00,4.00
2025-12-15T22:27:00Z,15.00,36.00,11.00,36.00,9.00,4.00
2025-12-15T22:28:00Z,15.00,36.00,11.00,36.00,9.00,4.00
2025-12-15T22:29:00Z,15.00,36.00,11.00,36.00,9.00,4.00
2025-12-15T22:30:00Z,15.00,36.00,11.00,36.00,9.00,4.00
2025-12-15T22:31:00Z,15.00,36.00,11.00,36.00,9.00,4.00
2025-12-15T22:32:00Z,15.00,36.00,11.00,36.00,9.00,4.00
2025-12-15T22:33:00Z,15.00,36.00,11.00,36.00,9.00,4.00
2025-12-15T22:34:00Z,15.00,36.00,11.00,36.00,9.00,4.00
2025-12-15T22:35:00Z,15.00,36.00,11.00,36.00,9.00,4.00
2025-12-15T22:36:00Z,15.00,36.00,11.00,36.00,9.00,4.00
2025-12-15T22:37:00Z,15.00,36.00,11.00,36.00,9.00,4.00
2025-12-15T22:38:00Z,15.00,36.00,11.00,36.00,9.00,4.00
2025-12-15T22:39:00Z,15.00,36.00,11.00,36.00,9.00,4.00
2025-12-15T22:40:00Z,15.00,36.00,11.00,36.00,9.00,4.00
2025-12-15T22:41:00Z,15.00,36.00,11.00,36.00,9.00,4.00
2025-12-15T22:42:00Z,15.00,36.00,11.00,36.00,9.00,4.00
2025-12-15T22:43:00Z,15.00,36.00,11.00,36.00,9.00,4.00
2025-12-15T22:44:00Z,15.00,36.00,11.00,36.00,9.00,4.00
2025-12-15T22:45:00Z,15.00,36.00,11.00,36.00,9.00,4.00
2025-12-15T22:46:00Z,15.00,36.00,11.00,36.00,9.00,4.00
2025-12-15T22:47:00Z,15.00,36.00,11.00,36.00,9.00,4.00
2025-12-15T22:48:00Z,15.00,36.00,11.00,36.00,9.00,4.00
2025-12-15T22:49:00Z,15.00,36.00,11.00,36.00,9.00,4.00
2025-12-15T22:50:00Z,15.00,36.00,11.00,36.00,9.00,4.00
2025-12-15T22:51:00Z,15.00,36.00,11.00,36.00,9.00,4.00
2025-12-15T22:52:00Z,15.00,36.00,11.00,36.00,9.00,4.00
2025-12-15T22:53:00Z,15.00,36.00,11.00,36.00,9.00,4.00
2025-12-15T22:54:00Z,15.00,36.00,11.00,36.00,9.00,4.00
2025-12-15T22:55:00Z,15.00,36.00,11.00,36.00,9.00,4.00
2025-12-15T22:56:00Z,15.00,36.00,11.00,36.00,9.00,4.00
2025-12-15T22:57:00Z,15.00,36.00,11.00,36.00,9.00,4.00
2025-12-15T22:58:00Z,15.00,36.00,11.00,36.00,9.00,4.00
2025-12-15T22:59:00Z,15.00,36.00,11.00,36.00,9.00,4.00
2025-12-15T23:00:00Z,15.00,36.00,11.00,36.00,9.00,4.00
2025-12-15T23:01:00Z,15.00,36.00,11.00,36.00,9.00,4.00
2025-12-15T23:02:00Z,15.00,36.00,11.00,36.00,9.00,4.00
2025-12-15T23:03:00Z,15.00,36.00,11.00,36.00,9.00,4.00
2025-12-15T23:04:00Z,15.00,36.00,11.00,36.00,9.00,4.00
2025-12-15T23:05:00Z,15.00,36.00,11.00,36.00,9.00,4.00
2025-12-15T23:06:00Z,15.00,36.00,11.00,36.00,9.00,4.00
2025-12-15T23:07:00Z,15.00,36.00,11.00,36.00,9.00,4.00
2025-12-15T23:10:00Z,15.00,36.00,11.00,36.00,9.00,4.00
2025-12-15T23:11:00Z,15.00,36.00,11.00,36.00,9.00,4.00
2025-12-15T23:12:00Z,15.00,36.00,11.00,36.00,9.00,4.00
2025-12-15T23:13:00Z,15.00,36.00,11.00,36.00,9.00,4.00
2025-12-15T23:14:00Z,15.00,36.00,11.00,36.00,9.00,4.00
2025-12-15T23:15:00Z,15.00,36.00,11.00,36.00,9.00,4.00
2025-12-15T23:16:00Z,15.00,36.00,11.00,36.00,9.00,4.00
2025-12-15T23:17:00Z,15.00,36.00,11.00,36.00,9.00,4.00
2025-12-15T23:18:00Z,15.00,36.00,11.00,36.00,9.00,4.00
2025-12-15T23:19:00Z,15.00,36.00,11.00,36.00,9.00,4.00
2025-12-15T23:20:00Z,15.00,36.00,11.00,36.00,9.00,4.00
2025-12-15T23:21:00Z,15.00,36.00,11.00,36.00,9.00,4.00
2025-12-15T23:22:00Z,15.00,36.00,11.00,36.00,9.00,4.00
2025-12-15T23:23:00Z,15.00,36.00,11.00,36.00,9.00,4.00
2025-12-15T23:24:00Z,15.00,36.00,11.00,36.00,9.00,4.00
2025-12-15T23:25:00Z,15.00,36.00,11.00,36.00,9.00,5.42
2025-12-15T23:26:00Z,15.00,36.00,11.00,36.00,9.00,6.00
2025-12-15T23:27:00Z,15.00,36.00,11.00,36.00,9.00,6.00
2025-12-15T23:28:00Z,15.00,36.00,11.00,36.00,9.00,6.00
2025-12-15T23:29:00Z,15.00,36.00,11.00,36.00,9.00,6.00
2025-12-15T23:30:00Z,15.00,36.00,11.00,36.00,9.00,6.00
2025-12-15T23:31:00Z,15.00,36.00,11.00,36.00,9.00,6.00
2025-12-15T23:32:00Z,15.00,36.00,11.00,36.00,9.00,6.00
2025-12-15T23:33:00Z,15.00,36.00,11.00,36.00,9.00,6.00
2025-12-15T23:34:00Z,15.00,36.00,11.00,36.00,9.00,6.00
2025-12-15T23:35:00Z,15.00,36.00,11.00,36.00,9.00,6.00
2025-12-15T23:36:00Z,15.00,36.00,11.00,36.00,9.00,6.00
2025-12-15T23:37:00Z,15.00,36.00,11.00,36.00,9.00,6.00
2025-12-15T23:38:00Z,15.00,36.00,11.00,36.00,9.00,6.00
2025-12-15T23:39:00Z,15.00,36.00,11.00,36.00,9.00,6.00
2025-12-15T23:40:00Z,15.00,36.00,11.00,36.00,9.00,6.00
2025-12-15T23:41:00Z,15.00,36.00,11.00,36.00,9.00,6.00
2025-12-15T23:42:00Z,15.00,36.00,11.00,36.00,9.00,6.00
2025-12-15T23:43:00Z,15.00,36.00,11.00,36.00,9.00,6.00
2025-12-15T23:44:00Z,15.00,36.00,11.00,36.00,9.00,6.00
2025-12-15T23:45:00Z,15.00,36.00,11.00,36.00,9.00,6.00
2025-12-15T23:46:00Z,15.00,36.00,11.00,36.00,9.00,6.00
2025-12-15T23:47:00Z,15.00,36.00,11.00,36.00,9.00,6.00
2025-12-15T23:48:00Z,15.00,36.00,11.00,36.00,9.00,6.00
2025-12-15T23:49:00Z,15.00,36.00,11.00,36.00,9.00,6.00
2025-12-15T23:50:00Z,15.00,36.00,11.00,36.00,9.00,6.00
2025-12-15T23:51:00Z,15.00,36.00,11.00,36.00,9.00,6.00
2025-12-15T23:52:00Z,15.00,36.00,11.00,36.00,9.00,6.00
2025-12-15T23:53:00Z,15.00,36.00,11.00,36.00,9.00,6.00
2025-12-15T23:54:00Z,15.00,36.00,11.00,36.00,9.00,6.00
2025-12-15T23:55:00Z,15.00,36.00,11.00,36.00,9.00,6.00
2025-12-15T23:56:00Z,15.00,36.00,11.00,36.00,9.00,6.00
2025-12-15T23:57:00Z,15.00,36.00,11.00,36.00,9.00,6.00
2025-12-15T23:58:00Z,15.00,36.00,11.00,36.00,9.00,6.00
2025-12-15T23:59:00Z,15.00,36.00,11.00,36.00,9.00,6.00
2025-12-16T00:00:00Z,15.00,36.00,11.00,36.00,9.00,6.00
2025-12-16T00:01:00Z,15.00,36.00,11.00,36.00,9.00,6.00
2025-12-16T00:02:00Z,15.00,36.00,11.00,36.00,9.00,6.00
2025-12-16T00:03:00Z,15.00,36.00,11.00,36.00,9.00,6.00
2025-12-16T00:04:00Z,15.00,36.00,11.00,36.00,9.00,6.00
2025-12-16T00:05:00Z,15.00,36.00,11.00,36.00,9.00,6.00
2025-12-16T00:06:00Z,15.00,36.00,11.00,36.00,9.00,6.00
2025-12-16T00:07:00Z,15.00,36.00,11.00,36.00,9.00,6.00
2025-12-16T00:08:00Z,15.00,36.00,11.00,36.00,9.00,6.00
2025-12-16T00:09:00Z,15.00,36.00,11.00,36.00,9.00,6.00
2025-12-16T00:10:00Z,15.00,36.00,11.00,36.00,9.00,6.00
2025-12-16T00:11:00Z,15.00,36.00,11.00,36.00,9.00,6.00
2025-12-16T00:12:00Z,15.00,36.00,11.00,36.00,9.00,6.00
2025-12-16T00:13:00Z,15.00,36.00,11.00,36.00,9.00,6.00
2025-12-16T00:14:00Z,15.00,36.00,11.00,36.00,9.00,6.00
2025-12-16T00:15:00Z,15.00,36.00,11.00,36.00,9.00,6.00
2025-12-16T00:16:00Z,15.00,36.00,11.00,36.00,9.00,6.00
2025-12-16T00:17:00Z,15.00,36.00,11.00,36.00,9.00,6.00
2025-12-16T00:18:00Z,15.00,36.00,11.00,36.00,9.00,6.00
2025-12-16T00:19:00Z,15.00,36.00,11.00,36.00,9.00,6.00
2025-12-16T00:20:00Z,15.00,36.00,11.00,36.00,9.00,6.00
2025-12-16T00:21:00Z,15.00,36.00,11.00,36.00,9.00,6.00
2025-12-16T00:22:00Z,15.00,36.00,11.00,36.00,9.00,6.00
2025-12-16T00:23:00Z,15.00,37.77,11.00,36.00,9.00,6.00
2025-12-16T00:24:00Z,15.00,48.00,11.00,36.00,9.00,6.00
2025-12-16T00:25:00Z,15.00,48.00,11.00,36.00,9.00,6.00
2025-12-16T00:26:00Z,15.00,48.00,11.00,36.00,9.00,6.00
2025-12-16T00:27:00Z,15.00,48.00,11.00,36.00,9.00,6.00
2025-12-16T00:28:00Z,15.00,48.00,11.00,36.00,9.00,6.00
2025-12-16T00:29:00Z,15.00,48.00,11.00,36.00,9.00,6.00
2025-12-16T00:30:00Z,15.00,48.00,11.00,36.00,9.00,6.00
2025-12-16T00:31:00Z,15.00,48.00,11.00,36.00,9.00,6.00
2025-12-16T00:34:00Z,15.00,48.00,11.00,36.00,9.00,6.00
2025-12-16T00:35:00Z,15.00,48.00,11.00,36.00,9.00,6.00
2025-12-16T00:36:00Z,15.00,48.00,11.00,36.00,9.00,6.00
2025-12-16T00:37:00Z,15.00,48.00,11.00,36.00,9.00,6.00
2025-12-16T00:38:00Z,15.00,48.00,11.00,36.00,9.00,6.00
2025-12-16T00:39:00Z,15.00,48.00,11.00,36.00,9.00,6.00
2025-12-16T00:40:00Z,15.00,48.00,11.00,36.00,9.00,6.00
2025-12-16T00:41:00Z,15.00,48.00,11.00,36.00,9.00,6.00
2025-12-16T00:42:00Z,15.00,48.00,11.00,36.00,9.00,6.00
2025-12-16T00:43:00Z,15.00,48.00,11.00,36.00,9.00,6.00
2025-12-16T00:44:00Z,15.00,48.00,11.00,36.00,9.00,6.00
2025-12-16T00:45:00Z,15.00,48.00,11.00,36.00,9.00,6.00
2025-12-16T00:46:00Z,15.00,48.00,11.00,36.00,9.00,6.00
2025-12-16T00:47:00Z,15.00,48.00,11.00,36.00,9.00,6.00
2025-12-16T00:48:00Z,15.00,48.00,11.00,36.00,9.00,6.00
2025-12-16T00:49:00Z,15.00,48.00,11.00,36.00,9.00,6.00
2025-12-16T00:50:00Z,15.00,48.00,11.00,36.00,9.00,6.00
2025-12-16T00:51:00Z,15.00,48.00,11.00,36.00,9.00,6.00
2025-12-16T00:52:00Z,15.00,48.00,11.00,36.00,9.00,6.00
2025-12-16T00:53:00Z,15.00,48.00,11.00,36.00,9.00,6.00
2025-12-16T00:54:00Z,15.00,48.00,11.00,36.00,9.00,6.00
2025-12-16T00:55:00Z,15.00,48.00,11.00,36.00,9.00,6.00
2025-12-16T00:56:00Z,15.00,48.00,11.00,36.00,9.00,6.00
2025-12-16T00:57:00Z,15.00,48.00,11.00,36.00,9.00,6.00
2025-12-16T00:58:00Z,15.00,48.00,11.00,36.00,9.00,6.00
2025-12-16T00:59:00Z,15.00,48.00,11.00,36.00,9.00,6.00
2025-12-16T01:00:00Z,15.00,48.00,11.00,36.00,9.00,6.00
2025-12-16T01:01:00Z,15.00,48.00,11.00,36.00,9.00,6.00
2025-12-16T01:02:00Z,15.00,48.00,11.00,36.00,9.00,6.00
2025-12-16T01:03:00Z,15.00,48.00,11.00,36.00,9.00,6.00
2025-12-16T01:04:00Z,15.00,48.00,11.00,36.00,9.00,6.00
2025-12-16T01:05:00Z,15.00,48.00,11.00,36.00,9.00,6.00
2025-12-16T01:06:00Z,15.00,48.00,11.00,36.00,9.00,6.00
2025-12-16T01:07:00Z,15.00,48.00,11.00,36.00,9.00,6.00
2025-12-16T01:08:00Z,15.00,48.00,11.00,36.00,9.00,6.00
2025-12-16T01:09:00Z,15.00,48.00,11.00,36.00,9.00,6.00
2025-12-16T01:10:00Z,15.00,48.00,11.00,36.00,9.00,6.00
2025-12-16T01:11:00Z,15.00,48.00,11.00,36.00,9.00,6.00
2025-12-16T01:12:00Z,15.00,48.00,11.00,36.00,9.00,6.00
2025-12-16T01:13:00Z,15.00,48.00,11.00,36.00,9.00,6.00
2025-12-16T01:14:00Z,15.00,48.00,11.00,36.00,9.00,6.00
2025-12-16T01:15:00Z,15.00,48.00,11.00,36.00,9.00,6.00
2025-12-16T01:16:00Z,15.00,48.00,11.00,36.00,9.00,6.00
2025-12-16T01:17:00Z,15.00,48.00,11.00,36.00,9.00,6.00
2025-12-16T01:18:00Z,15.00,48.00,11.00,36.00,9.00,6.00
2025-12-16T01:19:00Z,15.00,48.00,11.00,36.00,9.00,6.00
2025-12-16T01:20:00Z,15.00,48.00,11.00,36.00,9.00,6.00
2025-12-16T01:21:00Z,15.00,48.00,11.00,36.00,9.00,6.00
2025-12-16T01:22:00Z,15.00,48.00,11.00,36.00,9.00,6.00
2025-12-16T01:23:00Z,15.00,48.00,11.00,36.00,9.00,6.00
2025-12-16T01:24:00Z,15.00,48.00,11.00,36.00,9.00,6.00
2025-12-16T01:25:00Z,15.00,48.00,11.00,36.00,9.00,6.00
2025-12-16T01:26:00Z,15.00,48.00,11.00,36.00,9.00,6.00
2025-12-16T01:27:00Z,15.00,48.00,11.00,36.00,9.00,6.00
2025-12-16T01:28:00Z,15.00,48.00,11.00,36.00,9.00,6.00
2025-12-16T01:29:00Z,15.00,48.00,11.00,36.00,9.00,6.00
2025-12-16T01:30:00Z,15.00,48.00,11.00,36.00,9.00,6.00
2025-12-16T01:31:00Z,15.00,48.00,11.00,36.00,9.00,6.00
2025-12-16T01:32:00Z,15.00,48.00,11.00,36.00,9.00,6.00
2025-12-16T01:33:00Z,15.00,48.00,11.00,36.00,9.00,6.00
2025-12-16T01:34:00Z,15.00,48.00,11.00,36.00,9.00,6.00
2025-12-16T01:35:00Z,15.00,48.00,11.00,36.00,9.00,6.00
2025-12-16T01:36:00Z,15.00,48.00,11.00,36.00,9.00,6.00
2025-12-16T01:37:00Z,15.00,48.00,11.00,36.00,9.00,6.00
2025-12-16T01:38:00Z,15.00,48.00,11.00,36.00,9.00,6.00
2025-12-16T01:39:00Z,15.00,48.00,11.00,36.00,9.00,6.00
2025-12-16T01:40:00Z,15.00,48.00,11.00,36.00,9.00,6.00
2025-12-16T01:41:00Z,15.00,48.00,11.00,36.00,9.00,6.00
2025-12-16T01:42:00Z,15.00,48.00,11.00,36.00,9.00,6.00
2025-12-16T01:43:00Z,15.00,48.00,11.00,36.00,9.00,6.00
2025-12-16T01:44:00Z,15.00,48.00,11.00,36.00,9.00,6.00
2025-12-16T01:45:00Z,15.00,48.00,11.00,36.00,9.00,6.00
2025-12-16T01:46:00Z,15.00,48.04,11.00,36.00,9.00,6.00
2025-12-16T01:47:00Z,15.00,49.00,11.00,36.00,9.00,6.00
2025-12-16T01:48:00Z,15.00,49.00,11.00,36.00,9.00,6.00
2025-12-16T01:49:00Z,15.00,49.00,11.00,36.00,9.00,6.00
2025-12-16T01:50:00Z,15.00,49.00,11.00,36.00,9.00,6.00
2025-12-16T01:51:00Z,15.00,49.00,11.00,36.00,9.00,6.00
2025-12-16T01:52:00Z,15.00,49.00,11.00,36.00,9.00,6.00
2025-12-16T01:53:00Z,15.00,49.00,11.00,36.00,9.00,6.00
2025-12-16T01:54:00Z,15.00,49.00,11.00,36.00,9.00,6.00
2025-12-16T01:55:00Z,15.00,49.00,11.00,36.00,9.00,6.00
2025-12-16T01:56:00Z,15.00,49.00,11.00,36.00,9.00,6.00
2025-12-16T01:57:00Z,15.00,49.00,11.00,36.00,9.00,6.00
2025-12-16T01:58:00Z,15.00,49.00,11.00,36.00,9.00,6.00
2025-12-16T01:59:00Z,15.00,49.00,11.00,36.00,9.00,6.00
2025-12-16T02:00:00Z,15.00,49.00,11.00,36.00,9.00,6.00
2025-12-16T02:01:00Z,15.00,49.00,11.00,36.00,9.00,6.00
2025-12-16T02:02:00Z,15.00,49.00,11.00,36.00,9.00,6.00
2025-12-16T02:03:00Z,15.00,49.00,11.00,36.00,9.00,6.00
2025-12-16T02:04:00Z,15.00,49.00,11.00,36.00,9.00,6.00
2025-12-16T02:05:00Z,15.00,49.00,11.00,36.00,9.00,6.00
2025-12-16T02:06:00Z,15.00,49.00,11.00,36.00,9.00,6.00
2025-12-16T02:07:00Z,15.00,49.00,11.00,36.00,9.00,6.00
2025-12-16T02:08:00Z,15.00,49.00,11.00,36.00,9.00,6.00
2025-12-16T02:09:00Z,15.00,49.00,11.00,36.00,9.00,6.00
2025-12-16T02:10:00Z,15.00,49.00,11.00,36.00,9.00,6.00
2025-12-16T02:11:00Z,15.00,49.00,11.00,36.00,9.00,6.00
2025-12-16T02:12:00Z,15.00,49.00,11.00,36.00,9.00,6.00
2025-12-16T02:13:00Z,15.00,49.00,11.00,36.00,9.00,6.00
2025-12-16T02:14:00Z,15.00,49.00,11.00,36.00,9.00,6.00
2025-12-16T02:15:00Z,15.00,49.00,11.00,36.00,9.00,6.00
2025-12-16T02:16:00Z,15.00,49.00,11.00,36.00,9.00,6.00
2025-12-16T02:17:00Z,15.00,49.00,11.00,36.00,9.00,6.00
2025-12-16T02:18:00Z,15.00,49.00,11.00,36.00,9.00,6.00
2025-12-16T02:19:00Z,15.00,49.00,11.00,36.00,9.00,6.00
2025-12-16T02:20:00Z,15.00,49.00,11.00,36.00,9.00,6.00
2025-12-16T02:21:00Z,15.00,49.00,11.00,36.00,9.00,6.00
2025-12-16T02:22:00Z,15.00,49.00,11.00,36.00,9.00,6.00
2025-12-16T02:23:00Z,15.00,49.00,11.00,36.00,9.00,6.00
2025-12-16T02:24:00Z,15.00,49.00,11.00,36.00,9.00,6.00
2025-12-16T02:25:00Z,15.00,49.00,11.00,36.00,9.00,6.00
2025-12-16T02:26:00Z,15.00,49.00,11.00,36.00,9.00,6.00
2025-12-16T02:27:00Z,15.00,49.00,11.00,36.00,9.00,6.00
2025-12-16T02:28:00Z,15.00,49.00,11.00,36.00,9.00,6.00
2025-12-16T02:29:00Z,15.00,49.00,11.00,36.00,9.00,6.00
2025-12-16T02:30:00Z,15.00,49.00,11.00,36.00,9.00,6.00
2025-12-16T02:31:00Z,15.00,49.00,11.00,36.00,9.00,6.00
2025-12-16T02:32:00Z,15.00,49.00,11.00,36.00,9.00,6.00
2025-12-16T02:33:00Z,15.00,49.00,11.00,36.00,9.00,6.00
2025-12-16T02:34:00Z,15.00,49.00,11.00,36.00,9.00,6.00
2025-12-16T02:35:00Z,15.00,49.00,11.00,36.00,9.00,6.00
2025-12-16T02:36:00Z,15.00,49.00,11.00,36.00,9.00,6.00
2025-12-16T02:37:00Z,15.00,49.00,11.00,36.00,9.00,6.00
2025-12-16T02:38:00Z,15.00,49.00,11.00,36.00,9.00,6.00
2025-12-16T02:39:00Z,15.00,49.00,11.00,36.00,9.00,6.00
2025-12-16T02:40:00Z,15.00,49.00,11.00,36.00,9.00,6.00
2025-12-16T02:41:00Z,15.00,49.00,11.00,36.00,9.00,6.00
2025-12-16T02:42:00Z,15.00,49.00,11.00,36.00,9.00,6.00
2025-12-16T02:43:00Z,15.00,49.00,11.00,36.00,9.00,6.00
2025-12-16T02:44:00Z,15.00,49.00,11.00,36.00,9.00,6.00
2025-12-16T02:45:00Z,15.00,49.00,11.00,36.00,9.00,6.00
2025-12-16T02:46:00Z,15.00,49.00,11.00,36.00,9.00,6.00
2025-12-16T02:47:00Z,15.00,49.00,11.00,36.00,9.00,6.00
2025-12-16T02:48:00Z,15.00,49.00,11.00,36.00,9.00,6.00
2025-12-16T02:49:00Z,15.00,49.00,11.00,36.00,9.00,6.00
2025-12-16T02:50:00Z,15.00,49.00,11.00,36.00,9.00,6.00
2025-12-16T02:51:00Z,15.00,49.00,11.00,36.00,9.00,6.00
2025-12-16T02:52:00Z,15.00,49.00,11.00,36.00,9.00,6.00
2025-12-16T02:53:00Z,15.00,49.00,11.00,36.00,9.00,6.00
2025-12-16T02:54:00Z,15.00,49.00,11.00,36.00,9.00,6.00
2025-12-16T02:55:00Z,15.00,49.00,11.00,36.00,9.00,6.00
2025-12-16T02:56:00Z,15.00,49.00,11.00,36.00,9.00,6.00
2025-12-16T02:57:00Z,15.00,49.00,11.00,36.00,9.00,6.00
2025-12-16T02:58:00Z,15.00,49.00,11.00,36.00,9.00,6.00
2025-12-16T02:59:00Z,15.00,49.00,11.00,36.00,9.00,6.00
2025-12-16T03:00:00Z,15.00,49.00,11.00,36.00,9.00,6.00
2025-12-16T03:01:00Z,15.00,49.00,11.00,36.00,9.00,6.00
2025-12-16T03:02:00Z,15.00,49.00,11.00,36.00,9.00,6.00
2025-12-16T03:03:00Z,15.00,49.00,11.00,36.00,9.00,6.00
2025-12-16T03:04:00Z,15.00,49.00,11.00,36.00,9.00,6.00
2025-12-16T03:05:00Z,15.00,49.00,11.00,36.00,9.00,6.00
2025-12-16T03:06:00Z,15.00,49.00,11.00,36.00,9.00,6.00
2025-12-16T03:07:00Z,15.00,49.00,11.00,36.00,9.00,6.00
2025-12-16T03:08:00Z,15.00,49.00,11.00,36.00,9.00,6.00
2025-12-16T03:09:00Z,15.00,49.00,11.00,36.00,9.00,6.00
2025-12-16T03:10:00Z,15.00,49.00,11.00,36.00,9.00,6.00
2025-12-16T03:11:00Z,15.00,49.00,11.00,36.00,9.00,6.00
2025-12-16T03:12:00Z,15.00,49.00,11.00,36.00,9.00,6.00
2025-12-16T03:13:00Z,15.00,49.00,11.00,36.00,9.00,6.00
2025-12-16T03:14:00Z,15.00,49.00,11.00,36.00,9.00,6.00
2025-12-16T03:15:00Z,15.00,49.00,11.00,36.00,9.00,6.00
2025-12-16T03:16:00Z,15.00,49.00,11.00,36.00,9.00,6.00
2025-12-16T03:17:00Z,15.00,49.00,11.00,36.00,9.00,6.00
2025-12-16T03:18:00Z,15.00,49.00,11.00,36.00,9.00,6.00
2025-12-16T03:19:00Z,15.00,49.00,11.00,36.00,9.00,6.00
2025-12-16T03:20:00Z,15.00,49.00,11.00,36.00,9.00,6.00
2025-12-16T03:21:00Z,15.00,49.00,11.00,36.00,9.00,6.00
2025-12-16T03:22:00Z,15.00,49.00,11.00,36.00,9.00,6.00
2025-12-16T03:23:00Z,15.00,49.00,11.00,36.00,9.00,6.00
2025-12-16T03:24:00Z,15.00,49.00,11.00,36.00,9.00,6.00
2025-12-16T03:25:00Z,15.00,49.00,11.00,36.00,9.00,6.00
2025-12-16T03:26:00Z,15.00,49.00,11.00,36.00,9.00,6.00
2025-12-16T03:27:00Z,15.00,49.00,11.00,36.00,9.00,6.00
2025-12-16T03:28:00Z,15.00,49.00,11.00,36.00,9.00,6.00
2025-12-16T03:29:00Z,15.00,49.00,11.00,36.00,9.00,6.00
2025-12-16T03:30:00Z,15.00,49.00,11.00,36.00,9.00,6.00
2025-12-16T03:31:00Z,15.00,49.00,11.00,36.00,9.00,6.00
2025-12-16T03:32:00Z,15.00,49.00,11.00,36.00,9.00,6.00
2025-12-16T03:33:00Z,15.00,49.00,11.00,36.00,9.00,6.00
2025-12-16T03:34:00Z,15.00,49.00,11.00,36.00,9.00,6.00
2025-12-16T03:35:00Z,15.00,49.00,11.00,36.00,9.00,6.00
2025-12-16T03:36:00Z,15.00,49.00,11.00,36.00,9.00,6.00
2025-12-16T03:37:00Z,15.00,49.00,11.00,36.00,9.00,6.00
2025-12-16T03:38:00Z,15.00,49.00,11.00,36.00,9.00,6.00
2025-12-16T03:39:00Z,15.00,49.00,11.00,36.00,9.00,6.00
2025-12-16T03:40:00Z,15.00,49.00,11.00,36.00,9.00,6.00
2025-12-16T03:41:00Z,15.00,49.00,11.00,36.00,9.00,6.00
2025-12-16T03:42:00Z,15.00,49.00,11.00,36.00,9.00,6.00
2025-12-16T03:43:00Z,15.00,49.00,11.00,36.00,9.00,6.00
2025-12-16T03:44:00Z,15.00,49.00,11.00,36.00,9.00,6.00
2025-12-16T03:45:00Z,15.00,49.00,11.00,36.00,9.00,6.00
2025-12-16T03:46:00Z,15.00,49.00,11.00,36.00,9.00,6.00
2025-12-16T03:47:00Z,15.00,49.00,11.00,36.00,9.00,6.00
2025-12-16T03:48:00Z,15.00,49.00,11.00,36.00,9.00,6.00
2025-12-16T03:49:00Z,15.00,49.00,11.00,36.00,9.00,6.00
2025-12-16T03:50:00Z,15.00,49.00,11.00,36.00,9.00,6.00
2025-12-16T03:51:00Z,15.00,49.00,11.00,36.00,9.00,6.00
2025-12-16T03:52:00Z,15.00,49.00,11.00,36.00,9.24,6.00
2025-12-16T03:53:00Z,15.00,49.00,11.00,36.00,10.00,6.00
2025-12-16T03:54:00Z,15.00,49.00,11.00,36.00,10.00,6.00
2025-12-16T03:55:00Z,15.00,49.00,11.00,36.00,10.00,6.00
2025-12-16T03:56:00Z,15.00,49.00,11.00,36.00,10.00,6.00
2025-12-16T03:57:00Z,15.00,49.00,11.00,36.00,10.00,6.00
2025-12-16T03:58:00Z,15.00,49.00,11.00,36.00,10.00,6.00
2025-12-16T03:59:00Z,15.00,49.00,11.00,36.00,10.00,6.00
2025-12-16T04:00:00Z,15.00,49.00,11.00,36.00,10.00,6.00
2025-12-16T04:01:00Z,15.00,49.00,11.00,36.00,10.00,6.00
2025-12-16T04:02:00Z,15.00,49.00,11.00,36.00,10.00,6.00
2025-12-16T04:03:00Z,15.00,49.00,11.00,36.00,10.00,6.00
2025-12-16T04:04:00Z,15.00,49.00,11.00,36.00,10.00,6.00
2025-12-16T04:05:00Z,15.00,49.00,11.00,36.00,10.00,6.00
2025-12-16T04:06:00Z,15.00,49.00,11.00,36.00,10.00,6.00
2025-12-16T04:07:00Z,15.00,49.00,11.00,36.00,10.00,6.00
2025-12-16T04:08:00Z,15.00,49.00,11.00,36.00,10.00,6.00
2025-12-16T04:09:00Z,15.00,49.00,11.00,36.00,10.00,6.00
2025-12-16T04:10:00Z,15.00,49.00,11.00,36.00,10.00,6.00
2025-12-16T04:11:00Z,15.00,49.00,11.00,36.00,10.00,6.00
2025-12-16T04:12:00Z,15.00,49.00,11.00,36.00,10.00,6.00
2025-12-16T04:13:00Z,15.00,49.00,11.00,36.00,10.00,6.00
2025-12-16T04:14:00Z,15.00,49.00,11.00,36.00,10.00,6.00
2025-12-16T04:15:00Z,15.00,49.00,11.00,36.00,10.00,6.00
2025-12-16T04:16:00Z,15.00,49.00,11.00,36.00,10.00,6.00
2025-12-16T04:17:00Z,15.00,49.00,11.00,36.00,10.00,6.00
2025-12-16T04:18:00Z,15.00,49.00,11.00,36.00,10.00,6.00
2025-12-16T04:19:00Z,15.00,49.00,11.00,36.00,10.00,6.00
2025-12-16T04:20:00Z,15.00,49.00,11.00,36.00,10.00,6.00
2025-12-16T04:21:00Z,15.00,49.00,11.00,36.00,10.00,6.00
2025-12-16T04:22:00Z,15.00,49.00,11.00,36.00,10.00,6.00
2025-12-16T04:23:00Z,15.00,49.00,11.00,36.00,10.00,6.00
2025-12-16T04:24:00Z,15.00,49.00,11.00,36.00,10.00,6.00
2025-12-16T04:25:00Z,15.00,49.00,11.00,36.00,10.00,6.00
2025-12-16T04:26:00Z,15.00,49.00,11.00,36.00,10.00,6.00
2025-12-16T04:27:00Z,15.00,49.00,11.00,36.00,10.00,6.00
2025-12-16T04:28:00Z,15.00,49.00,11.00,36.00,10.00,6.00
2025-12-16T04:29:00Z,15.00,49.00,11.00,36.00,10.00,6.00
2025-12-16T04:30:00Z,15.00,49.00,11.00,36.00,10.00,6.00
2025-12-16T04:31:00Z,15.00,49.00,11.00,36.00,10.00,6.00
2025-12-16T04:32:00Z,15.00,49.00,11.00,36.00,10.00,6.00
2025-12-16T04:33:00Z,15.00,49.00,11.00,36.00,10.00,6.00
2025-12-16T04:34:00Z,15.00,49.00,11.00,36.00,10.00,6.00
2025-12-16T04:35:00Z,15.00,49.00,11.00,36.00,10.00,6.00
2025-12-16T04:36:00Z,15.00,49.00,11.00,36.00,10.00,6.00
2025-12-16T04:37:00Z,15.00,49.00,11.00,36.00,10.00,6.00
2025-12-16T04:38:00Z,15.00,49.00,11.00,36.00,10.00,6.00
2025-12-16T04:39:00Z,15.00,49.00,11.00,36.00,10.00,6.00
2025-12-16T04:40:00Z,15.00,49.00,11.00,36.00,10.00,6.00
2025-12-16T04:41:00Z,15.00,49.00,11.00,36.00,10.00,6.00
2025-12-16T04:42:00Z,15.00,49.00,11.00,36.00,10.00,6.00
2025-12-16T04:43:00Z,15.00,49.00,11.00,36.00,10.00,6.00
2025-12-16T04:44:00Z,15.00,49.00,11.00,36.00,10.00,6.00
2025-12-16T04:45:00Z,15.00,49.00,11.00,36.00,10.00,6.00
2025-12-16T04:46:00Z,15.00,49.00,11.00,36.00,10.00,6.00
2025-12-16T04:47:00Z,15.00,49.00,11.00,36.00,10.00,6.00
2025-12-16T04:48:00Z,15.00,49.00,11.00,36.00,10.00,6.00
2025-12-16T04:49:00Z,15.00,49.00,11.00,36.00,10.00,6.00
2025-12-16T04:50:00Z,15.00,49.00,11.00,36.00,10.00,6.00
2025-12-16T04:51:00Z,15.00,49.00,11.00,36.00,10.00,6.00
2025-12-16T04:52:00Z,15.00,49.00,11.00,36.00,10.00,6.00
2025-12-16T04:53:00Z,15.00,49.00,11.00,36.00,10.00,6.00
2025-12-16T04:54:00Z,15.00,49.00,11.00,36.00,10.00,6.00
2025-12-16T04:55:00Z,15.00,49.00,11.00,36.00,10.00,6.00
2025-12-16T04:56:00Z,15.00,49.00,11.00,36.00,10.00,6.00
2025-12-16T04:57:00Z,15.00,49.00,11.00,36.00,10.00,6.00
2025-12-16T04:58:00Z,15.00,49.00,11.00,36.00,10.00,6.00
2025-12-16T04:59:00Z,15.00,49.00,11.00,36.00,10.00,6.00
2025-12-16T05:00:00Z,15.00,49.00,11.00,36.00,10.00,6.00
2025-12-16T05:01:00Z,15.00,49.00,11.00,36.00,10.00,6.00
2025-12-16T05:02:00Z,15.00,49.00,11.00,36.00,10.00,6.00
2025-12-16T05:03:00Z,15.00,49.00,11.00,36.00,10.00,6.00
2025-12-16T05:04:00Z,15.00,49.00,11.00,36.00,10.00,6.00
2025-12-16T05:05:00Z,15.00,49.00,11.00,36.00,10.00,6.00
2025-12-16T05:06:00Z,15.00,49.00,11.00,36.00,10.00,6.00
2025-12-16T05:07:00Z,15.00,49.00,11.00,36.00,10.00,6.00
2025-12-16T05:08:00Z,15.00,49.00,11.00,36.00,10.00,6.00
2025-12-16T05:09:00Z,15.00,49.00,11.00,36.00,10.00,6.00
2025-12-16T05:10:00Z,15.00,49.00,11.00,36.00,10.00,6.00
2025-12-16T05:11:00Z,15.00,49.00,11.00,36.00,10.00,6.00
2025-12-16T05:12:00Z,15.00,49.00,11.00,36.00,10.00,6.00
2025-12-16T05:13:00Z,15.00,49.00,11.00,36.00,10.00,6.00
2025-12-16T05:14:00Z,15.00,49.00,11.00,36.00,10.00,6.00
2025-12-16T05:15:00Z,15.00,49.00,11.00,36.00,10.00,6.00
2025-12-16T05:16:00Z,15.00,49.00,11.00,36.00,10.00,6.00
2025-12-16T05:17:00Z,15.00,49.00,11.00,36.00,10.00,6.00
2025-12-16T05:18:00Z,15.00,49.00,11.00,36.00,10.00,6.00
2025-12-16T05:19:00Z,15.00,49.00,11.00,36.00,10.00,6.00
2025-12-16T05:20:00Z,15.00,49.00,11.00,36.00,10.00,6.00
2025-12-16T05:21:00Z,15.00,49.00,11.00,36.00,10.00,6.00
2025-12-16T05:22:00Z,15.00,49.00,11.00,36.00,10.00,6.00
2025-12-16T05:23:00Z,15.00,49.00,11.00,36.00,10.00,6.00
2025-12-16T05:24:00Z,15.00,49.00,11.00,36.00,10.00,6.00
2025-12-16T05:25:00Z,15.00,49.00,11.00,36.00,10.00,6.00
2025-12-16T05:26:00Z,15.00,49.00,11.00,36.00,10.00,6.00
2025-12-16T05:27:00Z,15.00,49.00,11.00,36.00,10.00,6.00
2025-12-16T05:28:00Z,15.00,49.00,11.00,36.00,10.00,6.00
2025-12-16T05:29:00Z,15.00,49.00,11.00,36.00,10.00,6.00
2025-12-16T05:30:00Z,15.00,49.00,11.00,36.00,10.00,6.00
2025-12-16T05:31:00Z,15.00,49.00,11.00,36.00,10.00,6.00
2025-12-16T05:32:00Z,15.00,49.00,11.00,36.00,10.00,6.00
2025-12-16T05:33:00Z,15.00,49.00,11.00,36.00,10.00,6.00
2025-12-16T05:34:00Z,15.00,49.00,11.00,36.00,10.00,6.00
2025-12-16T05:35:00Z,15.00,49.00,11.00,36.00,10.00,6.00
2025-12-16T05:36:00Z,15.00,49.00,11.00,36.00,10.00,6.30
2025-12-16T05:37:00Z,15.00,49.00,11.00,36.00,10.00,7.00
2025-12-16T05:38:00Z,15.00,49.00,11.00,36.00,10.00,7.00
2025-12-16T05:39:00Z,15.00,49.00,11.00,36.00,10.00,7.00
2025-12-16T05:40:00Z,15.00,49.00,11.00,36.00,10.00,7.00
2025-12-16T05:41:00Z,15.00,49.00,11.00,36.00,10.00,7.00
2025-12-16T05:42:00Z,15.00,49.00,11.00,36.00,10.00,7.00
2025-12-16T05:43:00Z,15.00,49.00,11.00,36.00,10.00,7.00
2025-12-16T05:44:00Z,15.00,49.00,11.00,36.00,10.00,7.00
2025-12-16T05:45:00Z,15.00,49.00,11.00,36.00,10.00,7.00
2025-12-16T05:46:00Z,15.00,49.00,11.00,36.00,10.00,7.00
2025-12-16T05:47:00Z,15.00,49.00,11.00,36.00,10.00,7.00
2025-12-16T05:48:00Z,15.00,49.00,11.00,36.00,10.00,7.00
2025-12-16T05:49:00Z,15.00,49.00,11.00,36.00,10.00,7.00
2025-12-16T05:50:00Z,15.00,49.00,11.00,36.00,10.00,7.00
2025-12-16T05:51:00Z,15.00,49.00,11.00,36.00,10.00,7.00
2025-12-16T05:52:00Z,15.00,49.00,11.00,36.00,10.00,7.00
2025-12-16T05:53:00Z,15.00,49.00,11.00,36.00,10.00,7.00
2025-12-16T05:54:00Z,15.00,49.00,11.00,36.00,10.00,7.00
2025-12-16T05:55:00Z,15.00,49.00,11.00,36.00,10.00,7.00
2025-12-16T05:56:00Z,15.00,49.00,11.00,36.00,10.00,7.00
2025-12-16T05:57:00Z,15.00,49.00,11.00,36.00,10.00,7.00
2025-12-16T05:58:00Z,15.00,49.00,11.00,36.00,10.00,7.00
2025-12-16T05:59:00Z,15.00,49.00,11.00,36.00,10.00,7.00
2025-12-16T06:00:00Z,15.00,49.00,11.00,36.00,10.00,7.00
2025-12-16T06:01:00Z,15.00,49.00,11.00,36.00,10.00,7.00
2025-12-16T06:02:00Z,15.00,49.00,11.00,36.00,10.00,7.00
2025-12-16T06:03:00Z,15.00,49.00,11.00,36.00,10.00,7.00
2025-12-16T06:04:00Z,15.00,32.00,11.00,36.00,10.00,7.00
2025-12-16T06:05:00Z,15.00,32.00,11.00,36.00,10.00,7.00
2025-12-16T06:06:00Z,15.00,32.00,11.00,36.00,10.00,7.00
2025-12-16T06:07:00Z,15.00,32.00,11.00,36.00,10.00,7.00
2025-12-16T06:08:00Z,15.00,32.00,11.00,36.00,10.00,7.00
2025-12-16T06:09:00Z,15.00,32.00,11.00,36.00,10.00,7.00
2025-12-16T06:10:00Z,15.00,32.00,11.00,36.00,10.00,7.00
2025-12-16T06:11:00Z,15.00,32.00,11.00,36.00,10.00,7.00
2025-12-16T06:12:00Z,15.00,32.00,11.00,36.00,10.00,7.00
2025-12-16T06:13:00Z,15.00,32.00,11.00,36.00,10.00,7.00
2025-12-16T06:14:00Z,15.00,32.00,11.00,36.00,10.00,7.00
2025-12-16T06:15:00Z,15.00,32.00,11.00,36.00,10.00,7.00
2025-12-16T06:16:00Z,15.00,32.00,11.00,36.00,10.00,7.00
2025-12-16T06:17:00Z,15.00,32.00,11.00,36.00,10.00,7.00
2025-12-16T06:18:00Z,15.00,32.00,11.00,36.00,10.00,7.00
2025-12-16T06:19:00Z,15.00,32.00,11.00,36.00,10.00,7.00
2025-12-16T06:20:00Z,15.00,32.00,11.00,36.00,10.00,7.00
2025-12-16T06:21:00Z,15.00,32.00,11.00,36.00,10.00,7.00
2025-12-16T06:22:00Z,15.00,32.00,11.00,36.00,10.00,7.00
2025-12-16T06:23:00Z,15.00,32.00,11.00,36.00,10.00,7.00
2025-12-16T06:24:00Z,15.00,32.00,11.00,36.00,10.00,7.00
2025-12-16T06:25:00Z,15.00,32.00,11.00,36.00,10.00,7.00
2025-12-16T06:26:00Z,15.00,32.00,11.00,36.00,10.00,7.00
2025-12-16T06:27:00Z,15.00,32.00,11.00,36.00,10.00,7.00
2025-12-16T06:28:00Z,15.00,32.00,11.00,36.00,10.00,7.00
2025-12-16T06:29:00Z,15.00,32.00,11.00,36.00,10.00,7.00
2025-12-16T06:30:00Z,15.00,32.00,11.00,36.00,10.00,7.00
2025-12-16T06:31:00Z,15.00,32.00,11.00,36.00,10.00,7.00
2025-12-16T06:32:00Z,15.00,32.00,11.00,36.00,10.00,7.00
2025-12-16T06:33:00Z,15.00,32.00,11.00,36.00,10.00,7.00
2025-12-16T06:34:00Z,15.00,32.00,11.00,36.00,10.00,7.00
2025-12-16T06:35:00Z,15.00,32.00,11.00,36.00,10.00,7.00
2025-12-16T06:36:00Z,15.00,32.00,11.00,36.00,10.00,7.00
2025-12-16T06:37:00Z,15.00,32.00,11.00,36.00,10.00,7.00
2025-12-16T06:38:00Z,15.00,32.00,11.00,36.00,10.00,7.00
2025-12-16T06:39:00Z,15.00,32.00,11.00,36.00,10.00,7.00
2025-12-16T06:40:00Z,15.00,32.00,11.00,36.00,10.00,7.00
2025-12-16T06:41:00Z,15.00,32.00,11.00,36.00,10.00,7.00
2025-12-16T06:42:00Z,15.00,32.00,11.00,36.00,10.00,7.00
2025-12-16T06:43:00Z,15.00,32.00,11.00,36.00,10.00,7.00
2025-12-16T06:44:00Z,15.00,32.00,11.00,36.00,10.00,7.00
2025-12-16T06:45:00Z,15.00,32.00,11.00,36.00,10.00,7.00
2025-12-16T06:46:00Z,15.00,32.00,11.00,36.00,10.00,7.00
2025-12-16T06:47:00Z,15.00,32.00,11.00,36.00,10.00,7.00
2025-12-16T06:48:00Z,15.00,32.00,11.00,36.00,10.00,7.00
2025-12-16T06:49:00Z,15.00,32.00,11.00,36.00,10.00,7.00
2025-12-16T06:50:00Z,15.00,32.00,11.00,36.00,10.00,7.00
2025-12-16T06:51:00Z,15.00,32.00,11.00,36.00,10.00,7.00
2025-12-16T06:52:00Z,15.00,32.00,11.00,36.00,10.00,7.00
2025-12-16T06:53:00Z,15.00,32.00,11.00,36.00,10.00,7.00
2025-12-16T06:54:00Z,15.00,32.00,11.00,36.00,10.00,7.00
2025-12-16T06:55:00Z,15.00,32.00,11.00,36.00,10.00,7.00
2025-12-16T06:56:00Z,15.00,32.00,11.00,36.00,10.00,7.00
2025-12-16T06:57:00Z,15.00,32.00,11.00,36.00,10.00,7.00
2025-12-16T06:58:00Z,15.00,32.00,11.00,36.00,10.00,7.00
2025-12-16T06:59:00Z,15.00,32.00,11.00,36.00,10.00,7.00
2025-12-16T07:00:00Z,15.00,32.00,11.00,36.00,10.00,7.00
2025-12-16T07:01:00Z,15.00,32.00,11.00,36.00,10.00,7.00
2025-12-16T07:02:00Z,15.00,32.00,11.00,36.00,10.00,7.00
2025-12-16T07:03:00Z,15.00,32.00,11.00,36.00,10.00,7.00
2025-12-16T07:04:00Z,15.00,32.00,11.00,36.00,10.00,7.00
2025-12-16T07:05:00Z,15.00,32.00,11.00,36.00,10.00,7.00
2025-12-16T07:06:00Z,15.00,32.00,11.00,36.00,10.00,7.00
2025-12-16T07:07:00Z,15.00,32.00,11.00,36.00,10.00,7.00
2025-12-16T07:08:00Z,15.00,32.00,11.00,36.00,10.00,7.00
2025-12-16T07:09:00Z,15.00,32.00,11.00,36.00,10.00,7.00
2025-12-16T07:10:00Z,15.00,32.00,11.00,36.00,10.00,7.00
2025-12-16T07:11:00Z,15.00,32.00,11.00,36.00,10.00,7.00
2025-12-16T07:12:00Z,15.00,32.00,11.00,36.00,10.00,7.00
2025-12-16T07:13:00Z,15.00,32.00,11.00,36.00,10.00,7.00
2025-12-16T07:14:00Z,15.00,32.00,11.00,36.00,10.00,7.00
2025-12-16T07:15:00Z,15.00,32.00,11.00,36.00,10.00,7.00
2025-12-16T07:16:00Z,15.00,32.00,11.00,36.00,10.00,7.00
2025-12-16T07:17:00Z,15.00,32.00,11.00,36.00,10.00,7.00
2025-12-16T07:18:00Z,15.00,32.00,11.00,36.00,10.00,7.00
2025-12-16T07:19:00Z,15.00,32.00,11.00,36.00,10.00,7.00
2025-12-16T07:20:00Z,15.00,32.00,11.00,36.00,10.00,7.00
2025-12-16T07:21:00Z,15.00,32.00,11.00,36.00,10.00,7.00
2025-12-16T07:22:00Z,15.00,32.00,11.00,36.00,10.00,7.00
2025-12-16T07:23:00Z,15.00,32.00,11.00,36.00,10.00,7.00
2025-12-16T07:24:00Z,15.00,32.00,11.00,36.00,10.00,7.00
2025-12-16T07:25:00Z,15.00,32.00,11.00,36.00,10.00,7.00
2025-12-16T07:26:00Z,15.00,32.00,11.00,36.00,10.00,7.00
2025-12-16T07:27:00Z,15.00,32.00,11.00,36.00,10.00,7.00
2025-12-16T07:28:00Z,15.00,32.00,11.00,36.00,10.00,7.00
2025-12-16T07:29:00Z,15.00,32.00,11.00,36.00,10.00,7.00
2025-12-16T07:30:00Z,15.00,32.00,11.00,36.00,10.00,7.00
2025-12-16T07:31:00Z,15.00,32.00,11.00,36.00,10.00,7.00
2025-12-16T07:32:00Z,15.00,32.00,11.00,36.00,10.00,7.00
2025-12-16T07:33:00Z,15.00,32.00,11.00,36.00,10.00,7.00
2025-12-16T07:34:00Z,15.00,32.00,11.00,36.00,10.00,7.00
2025-12-16T07:35:00Z,15.00,32.00,11.00,36.00,10.00,7.00
2025-12-16T07:36:00Z,15.00,32.00,11.00,36.00,10.00,7.00
2025-12-16T07:37:00Z,15.00,32.00,11.00,36.00,10.00,7.00
2025-12-16T07:38:00Z,15.00,32.00,11.00,36.00,10.00,7.00
2025-12-16T07:39:00Z,15.00,32.00,11.00,36.00,10.00,7.00
2025-12-16T07:40:00Z,15.00,32.00,11.00,36.00,10.00,7.00
2025-12-16T07:41:00Z,15.00,32.00,11.00,36.00,10.00,7.00
2025-12-16T07:42:00Z,15.00,32.00,11.00,36.00,10.00,7.00
2025-12-16T07:43:00Z,15.00,32.00,11.00,36.00,10.00,7.00
2025-12-16T07:44:00Z,15.00,32.00,11.00,36.00,10.00,7.00
2025-12-16T07:45:00Z,15.00,32.00,11.00,36.00,10.00,7.00
2025-12-16T07:46:00Z,15.00,32.00,11.00,36.00,10.00,7.00
2025-12-16T07:47:00Z,15.00,32.00,11.00,36.00,10.00,7.00
2025-12-16T07:48:00Z,15.00,32.00,11.00,36.00,10.00,7.00
2025-12-16T07:49:00Z,15.00,32.00,11.00,36.00,10.00,7.00
2025-12-16T07:50:00Z,15.00,32.00,11.00,36.00,10.00,7.00
2025-12-16T07:51:00Z,15.00,32.00,11.00,36.00,10.00,7.00
2025-12-16T07:52:00Z,15.00,32.00,11.00,36.00,10.00,7.00
2025-12-16T07:53:00Z,15.00,32.00,11.00,36.00,10.00,7.00
2025-12-16T07:54:00Z,15.00,32.00,11.00,36.00,10.00,7.00
2025-12-16T07:55:00Z,15.00,32.00,11.00,36.00,10.00,7.00
2025-12-16T07:56:00Z,15.00,32.00,11.00,36.00,10.00,7.00
2025-12-16T07:57:00Z,15.00,32.00,11.00,36.00,10.00,7.00
2025-12-16T07:58:00Z,15.00,32.00,11.00,36.00,10.00,7.00
2025-12-16T07:59:00Z,15.00,32.00,11.00,36.00,10.00,7.00