timestamp,82° or below,83° to 84°,85° to 86°,87° to 88°,89° to 90°,91° or above
2025-07-25T20:51:00Z,99.00,99.00,99.00,99.00,99.00,99.00
2025-07-25T20:52:00Z,3.27,99.00,95.74,92.46,84.43,99.00
2025-07-25T20:53:00Z,98.43,99.00,3.75,1.00,1.00,99.00
2025-07-25T20:54:00Z,91.70,99.00,1.00,1.87,3.05,99.00
2025-07-25T20:55:00Z,92.16,99.00,1.00,3.50,3.89,99.00
2025-07-25T20:56:00Z,89.91,99.00,1.36,3.56,10.12,99.00
2025-07-26T04:06:00Z,89.91,99.00,1.36,3.56,10.12,99.00
2025-07-26T04:07:00Z,89.91,99.00,1.36,3.56,10.12,99.00
2025-07-26T04:08:00Z,89.91,99.00,1.36,3.56,10.12,99.00
2025-07-26T04:09:00Z,89.91,99.00,1.36,3.56,10.12,99.00
2025-07-26T04:10:00Z,89.91,99.00,1.36,3.56,10.12,99.00
2025-07-26T04:11:00Z,89.91,99.00,1.36,3.56,10.12,99.00
2025-07-26T04:12:00Z,89.91,99.00,1.36,3.56,10.12,99.00
2025-07-26T04:13:00Z,89.91,99.00,1.36,3.56,10.12,99.00
2025-07-26T04:14:00Z,89.91,99.00,1.36,3.56,10.12,99.00
2025-07-26T04:15:00Z,89.91,99.00,1.36,3.56,10.12,99.00
2025-07-26T04:16:00Z,89.91,99.00,1.36,3.56,10.12,99.00
2025-07-26T04:17:00Z,89.91,99.00,1.36,3.56,10.12,99.00
2025-07-26T04:18:00Z,89.91,99.00,1.36,3.56,10.12,99.00
2025-07-26T04:19:00Z,89.91,99.00,1.36,3.56,10.12,99.00
2025-07-26T04:20:00Z,89.91,99.00,1.36,3.56,10.12,99.00
2025-07-26T04:21:00Z,89.91,99.00,1.36,3.56,10.12,99.00
2025-07-26T04:22:00Z,37.17,99.00,51.05,49.04,39.30,99.00
2025-07-26T04:23:00Z,38.72,99.00,48.23,48.50,21.46,99.00
2025-07-26T04:24:00Z,48.84,98.03,70.05,83.14,74.11,99.00
2025-07-26T04:25:00Z,79.41,95.74,65.35,38.10,51.93,99.00
2025-07-26T04:26:00Z,56.40,88.17,53.00,44.66,37.03,99.00
2025-07-26T04:28:00Z,55.81,77.52,37.89,42.28,35.48,99.00
2025-07-26T04:29:00Z,41.87,62.24,54.16,43.23,49.37,99.00
2025-07-26T04:30:00Z,48.02,56.20,58.27,48.13,47.35,99.00
2025-07-26T04:31:00Z,60.36,75.75,14.00,61.12,13.00,99.00
2025-07-26T04:32:00Z,53.71,11.38,51.88,45.15,37.41,99.00
2025-07-26T04:33:00Z,52.14,1.00,61.59,57.14,44.40,99.00
2025-07-26T04:34:00Z,55.64,1.00,45.72,39.54,49.20,99.00
2025-07-26T04:35:00Z,72.23,1.00,37.57,53.90,48.65,99.00
2025-07-26T04:36:00Z,59.97,1.00,45.63,48.46,41.44,99.00
2025-07-26T04:37:00Z,64.00,1.00,57.37,36.13,52.26,99.00
2025-07-26T04:38:00Z,58.47,1.00,60.82,51.41,49.85,99.00
2025-07-26T04:39:00Z,49.16,1.00,51.75,47.84,37.07,99.00
2025-07-26T04:40:00Z,54.31,1.00,50.52,52.50,37.45,99.00
2025-07-26T04:41:00Z,55.15,1.00,47.60,64.12,33.04,99.00
2025-07-26T04:42:00Z,56.40,1.00,57.20,45.31,43.27,99.00
2025-07-26T04:43:00Z,58.48,1.00,57.42,71.00,44.02,99.00
2025-07-26T04:44:00Z,67.50,1.00,61.75,55.50,40.50,99.00
2025-07-26T04:45:00Z,47.82,1.00,43.53,59.35,50.00,99.00
2025-07-26T04:46:00Z,54.00,1.00,54.00,69.44,33.13,99.00
2025-07-26T04:47:00Z,62.36,1.00,55.70,70.69,55.72,99.00
2025-07-26T04:48:00Z,48.42,1.00,54.36,57.70,39.91,99.00
2025-07-26T04:49:00Z,49.03,1.00,49.06,52.00,36.20,99.00
2025-07-26T04:50:00Z,43.70,1.00,57.25,60.18,44.05,99.00
2025-07-26T04:51:00Z,46.00,1.00,67.14,50.28,34.50,99.00
2025-07-26T04:52:00Z,49.04,1.00,57.59,54.09,43.03,99.00
2025-07-26T04:53:00Z,53.12,1.00,52.30,55.61,48.14,99.00
2025-07-26T04:54:00Z,47.96,1.00,56.45,54.28,36.78,99.00
2025-07-26T04:55:00Z,62.42,1.00,57.00,67.47,40.00,99.00
2025-07-26T04:56:00Z,51.55,1.00,60.82,65.95,48.72,99.00
2025-07-26T04:57:00Z,55.36,1.00,48.40,49.21,36.20,99.00
2025-07-26T04:58:00Z,48.10,1.00,52.46,51.11,45.21,99.00
2025-07-26T04:59:00Z,55.03,1.00,47.19,55.23,42.28,99.00
2025-07-26T05:00:00Z,57.42,1.00,51.12,39.36,41.90,99.00
2025-07-26T05:01:00Z,53.22,1.00,52.86,59.07,41.00,99.00
2025-07-26T05:02:00Z,48.50,1.00,58.22,80.37,51.60,99.00
2025-07-26T05:03:00Z,51.46,1.00,55.48,57.64,43.90,99.00
2025-07-26T05:04:00Z,54.64,1.00,69.54,59.34,42.83,99.00
2025-07-26T05:05:00Z,53.89,1.00,55.48,52.00,39.00,99.00
2025-07-26T05:06:00Z,51.76,1.00,77.07,55.48,36.65,99.00
2025-07-26T05:07:00Z,48.66,1.00,69.55,50.00,38.92,99.00
2025-07-26T05:08:00Z,50.20,1.00,67.26,57.09,38.30,99.00
2025-07-26T05:09:00Z,52.31,1.00,61.68,59.32,42.09,99.00
2025-07-26T05:10:00Z,51.77,1.00,67.55,67.28,38.70,99.00
2025-07-26T05:11:00Z,56.29,1.00,71.48,54.21,39.73,99.00
2025-07-26T05:12:00Z,49.00,1.00,57.33,47.75,40.88,99.00
2025-07-26T05:13:00Z,57.04,1.00,72.23,70.11,42.42,99.00
2025-07-26T05:14:00Z,48.53,1.00,69.22,34.69,36.75,99.00
2025-07-26T05:15:00Z,50.09,1.00,54.93,32.26,39.21,99.00
2025-07-26T05:16:00Z,49.22,1.00,53.76,38.53,30.54,99.00
2025-07-26T05:17:00Z,52.93,1.00,45.67,41.20,18.94,99.00
2025-07-26T05:18:00Z,50.21,1.00,61.85,45.50,5.50,99.00
2025-07-26T05:19:00Z,52.16,1.00,53.87,34.80,1.00,99.00
2025-07-26T05:20:00Z,51.31,1.00,49.74,29.31,3.31,99.00
2025-07-26T05:21:00Z,51.78,1.00,40.00,41.38,26.50,99.00
2025-07-26T05:22:00Z,50.06,1.00,55.45,48.33,26.02,99.00
2025-07-26T05:23:00Z,51.54,1.00,56.89,58.33,17.35,99.00
2025-07-26T05:24:00Z,51.55,1.00,50.11,59.86,15.37,99.00
2025-07-26T05:25:00Z,52.31,1.00,50.12,36.17,23.73,99.00
2025-07-26T05:26:00Z,50.85,1.00,62.00,42.90,23.50,99.00
2025-07-26T05:27:00Z,50.27,1.00,47.84,60.92,22.86,99.00
2025-07-26T05:28:00Z,52.00,1.00,37.66,99.00,24.92,99.00
2025-07-26T05:29:00Z,49.83,1.00,46.67,99.00,21.22,99.00
2025-07-26T05:30:00Z,48.47,1.00,56.57,99.00,22.66,99.00
2025-07-26T05:31:00Z,50.93,1.00,49.78,99.00,27.41,99.00
2025-07-26T05:32:00Z,51.39,1.00,41.82,99.00,21.14,99.00
2025-07-26T05:33:00Z,51.86,1.00,42.05,99.00,20.00,99.00
2025-07-26T05:34:00Z,51.53,1.00,41.57,99.00,29.46,99.00
2025-07-26T05:35:00Z,51.91,1.00,52.50,99.00,20.68,99.00
2025-07-26T05:36:00Z,51.87,1.00,50.05,99.00,19.80,99.00
2025-07-26T05:37:00Z,51.94,1.00,40.64,99.00,22.47,99.00
2025-07-26T05:38:00Z,51.40,1.00,40.07,99.00,17.50,99.00
2025-07-26T05:39:00Z,41.94,1.00,55.79,99.00,16.96,99.00
2025-07-26T05:40:00Z,21.23,1.00,53.21,99.00,19.62,99.00
2025-07-26T05:41:00Z,25.98,1.00,69.41,99.00,17.54,99.00
2025-07-26T05:42:00Z,25.04,1.00,71.47,99.00,21.90,99.00
2025-07-26T05:43:00Z,35.05,1.00,67.80,99.00,17.40,99.00
2025-07-26T05:44:00Z,34.89,1.00,66.89,99.00,19.11,99.00
2025-07-26T05:45:00Z,32.86,1.00,55.54,99.00,20.04,99.00
2025-07-26T05:46:00Z,20.69,1.00,75.72,99.00,21.52,99.00
2025-07-26T05:47:00Z,26.86,1.00,56.70,99.00,19.03,99.00
2025-07-26T05:48:00Z,24.99,1.00,57.66,99.00,12.00,99.00
2025-07-26T05:49:00Z,26.79,1.00,69.45,99.00,18.75,99.00
2025-07-26T05:50:00Z,19.10,1.00,71.65,99.00,20.09,99.00
2025-07-26T05:51:00Z,32.35,1.00,66.86,99.00,19.51,99.00
2025-07-26T05:52:00Z,31.52,1.00,71.22,99.00,20.82,99.00
2025-07-26T05:53:00Z,27.00,1.00,59.58,99.00,18.82,99.00
2025-07-26T05:54:00Z,26.50,1.00,76.87,99.00,18.00,99.00
2025-07-26T05:55:00Z,24.47,1.00,55.93,99.00,18.42,99.00
2025-07-26T05:56:00Z,29.81,1.00,66.62,99.00,17.11,99.00
2025-07-26T05:57:00Z,21.40,1.00,64.71,99.00,20.68,99.00
2025-07-26T05:58:00Z,28.82,1.00,57.63,99.00,21.13,99.00
2025-07-26T05:59:00Z,27.35,1.00,72.32,99.00,21.47,99.00
2025-07-26T06:00:00Z,27.88,1.00,69.88,99.00,21.93,99.00
2025-07-26T06:01:00Z,33.85,1.00,69.28,99.00,21.07,99.00
2025-07-26T06:02:00Z,26.77,1.00,59.03,99.00,21.10,99.00
2025-07-26T06:03:00Z,28.91,1.00,57.69,99.00,21.90,99.00
2025-07-26T06:04:00Z,28.90,1.00,50.66,99.00,21.56,99.00
2025-07-26T06:05:00Z,28.19,1.00,65.24,99.00,21.28,99.00
2025-07-26T06:06:00Z,29.08,1.00,61.56,99.00,21.09,99.00
2025-07-26T06:07:00Z,25.42,1.00,66.13,99.00,21.96,99.00
2025-07-26T06:08:00Z,25.42,1.00,66.13,99.00,22.00,99.00
2025-07-26T06:09:00Z,25.42,1.00,66.13,99.00,22.00,99.00
2025-07-26T06:10:00Z,25.42,1.00,66.13,99.00,22.00,99.00
2025-07-26T06:11:00Z,34.00,1.00,66.13,99.00,22.00,99.00
2025-07-26T06:12:00Z,34.00,1.00,66.13,99.00,21.00,99.00
2025-07-26T06:14:00Z,29.00,1.00,66.13,99.00,21.00,99.00
2025-07-26T06:15:00Z,29.00,1.00,66.13,99.00,21.00,99.00
2025-07-26T06:16:00Z,29.00,1.00,66.13,99.00,22.00,99.00
2025-07-26T06:17:00Z,29.00,1.00,66.13,99.00,21.00,99.00
2025-07-26T06:18:00Z,29.00,1.00,66.13,99.00,21.00,99.00
2025-07-26T06:19:00Z,29.00,1.00,66.13,99.00,21.00,99.00
2025-07-26T06:20:00Z,29.00,1.00,74.00,99.00,21.00,99.00
2025-07-26T06:21:00Z,28.00,1.00,74.00,99.00,21.00,99.00
2025-07-26T06:22:00Z,28.00,1.00,74.00,99.00,21.00,99.00
2025-07-26T06:23:00Z,28.00,1.00,74.00,99.00,21.00,99.00
2025-07-26T06:24:00Z,28.00,1.00,73.00,99.00,21.00,99.00
2025-07-26T06:25:00Z,28.00,1.00,72.79,99.00,21.00,99.00
2025-07-26T06:26:00Z,98.00,1.00,72.60,99.00,21.00,99.00
2025-07-26T06:27:00Z,98.00,1.00,72.60,99.00,21.00,99.00
2025-07-26T06:28:00Z,98.00,1.00,72.60,99.00,21.00,99.00
2025-07-26T06:29:00Z,98.00,1.00,73.00,99.00,21.00,99.00
2025-07-26T06:30:00Z,98.00,1.00,72.00,99.00,21.00,99.00
2025-07-26T06:31:00Z,98.00,1.00,72.00,99.00,21.00,99.00
2025-07-26T06:32:00Z,98.00,1.00,72.00,99.00,21.00,99.00
2025-07-26T06:33:00Z,98.00,1.00,73.00,99.00,21.00,99.00
2025-07-26T06:34:00Z,98.00,1.00,73.00,99.00,21.00,99.00
2025-07-26T06:35:00Z,98.00,1.00,72.00,99.00,21.00,99.00
2025-07-26T06:36:00Z,98.00,1.00,72.00,99.00,21.00,99.00
2025-07-26T06:37:00Z,98.00,1.00,73.00,99.00,21.00,99.00
2025-07-26T06:38:00Z,98.00,1.00,73.00,99.00,21.00,99.00
2025-07-26T06:39:00Z,98.00,1.00,72.48,99.00,21.00,99.00
2025-07-26T06:40:00Z,98.00,1.00,73.00,99.00,21.00,99.00
2025-07-26T06:41:00Z,98.00,1.00,72.00,99.00,21.00,99.00
2025-07-26T06:42:00Z,98.00,1.00,72.52,99.00,21.00,99.00
2025-07-26T06:43:00Z,98.00,1.00,72.52,99.00,21.00,99.00
2025-07-26T06:44:00Z,98.00,1.00,73.00,99.00,21.00,99.00
2025-07-26T06:45:00Z,98.00,1.00,73.00,99.00,41.00,99.00
2025-07-26T06:46:00Z,98.00,1.00,73.00,99.00,41.00,99.00
2025-07-26T06:47:00Z,98.00,1.00,72.00,99.00,41.00,99.00
2025-07-26T06:48:00Z,98.00,1.00,72.00,99.00,41.00,99.00
2025-07-26T06:49:00Z,98.00,1.00,72.00,99.00,41.00,99.00
2025-07-26T06:50:00Z,98.00,1.00,72.00,99.00,41.00,99.00
2025-07-26T06:51:00Z,98.00,1.00,72.00,99.00,41.00,99.00
2025-07-26T06:52:00Z,98.00,1.00,73.00,99.00,42.00,99.00
2025-07-26T06:53:00Z,98.00,1.00,73.33,99.00,41.43,99.00
2025-07-26T06:54:00Z,98.00,1.00,73.33,99.00,42.00,99.00
2025-07-26T06:55:00Z,98.00,1.00,73.33,99.00,41.00,99.00
2025-07-26T06:56:00Z,98.00,1.00,73.58,99.00,41.00,99.00
2025-07-26T06:57:00Z,98.00,1.00,73.58,99.00,41.00,99.00
2025-07-26T06:58:00Z,98.00,1.00,73.58,99.00,41.00,99.00
2025-07-26T06:59:00Z,98.00,1.00,74.00,99.00,42.00,99.00
2025-07-26T07:00:00Z,98.00,1.00,74.00,99.00,42.00,99.00
2025-07-26T07:01:00Z,61.00,1.00,73.00,99.00,42.00,99.00
2025-07-26T07:02:00Z,60.00,1.00,73.00,99.00,41.00,99.00
2025-07-26T07:03:00Z,61.00,1.00,74.00,99.00,41.00,99.00
2025-07-26T07:04:00Z,61.00,1.00,74.00,99.00,41.00,99.00
2025-07-26T07:05:00Z,60.00,1.00,74.00,99.00,41.00,99.00
2025-07-26T07:06:00Z,60.00,1.00,73.00,99.00,41.00,99.00
2025-07-26T07:07:00Z,60.00,1.00,74.00,99.00,42.00,99.00
2025-07-26T07:08:00Z,60.00,1.00,74.00,99.00,42.00,99.00
2025-07-26T07:09:00Z,60.00,1.00,73.00,99.00,41.00,99.00
2025-07-26T07:10:00Z,61.00,1.00,73.00,99.00,41.00,99.00
2025-07-26T07:11:00Z,60.00,1.00,73.00,99.00,42.00,99.00
2025-07-26T07:12:00Z,60.00,1.00,73.00,99.00,42.00,99.00
2025-07-26T07:13:00Z,60.00,1.00,73.00,99.00,42.00,99.00
2025-07-26T07:14:00Z,60.00,1.00,73.00,99.00,42.00,99.00
2025-07-26T07:15:00Z,60.00,1.00,74.00,99.00,42.00,99.00
2025-07-26T07:16:00Z,60.00,1.00,74.00,99.00,42.00,99.00
2025-07-26T07:17:00Z,60.00,1.00,74.00,99.00,42.00,99.00
2025-07-26T07:18:00Z,60.00,1.00,74.00,99.00,42.00,99.00
2025-07-26T07:19:00Z,61.00,1.00,74.00,99.00,41.00,99.00
2025-07-26T07:20:00Z,61.00,1.00,74.00,99.00,42.00,99.00
2025-07-26T07:21:00Z,61.00,1.00,74.00,99.00,42.00,99.00
2025-07-26T07:22:00Z,61.00,1.00,74.00,99.00,41.00,99.00
2025-07-26T07:23:00Z,60.00,1.00,73.00,99.00,42.00,99.00
2025-07-26T07:24:00Z,60.00,1.00,73.00,99.00,42.00,99.00
2025-07-26T07:25:00Z,60.00,1.00,73.00,99.00,42.00,99.00
2025-07-26T07:26:00Z,60.00,1.00,73.00,99.00,42.00,99.00
2025-07-26T07:27:00Z,60.00,1.00,74.00,99.00,41.00,99.00
2025-07-26T07:28:00Z,61.00,1.00,74.00,99.00,41.00,99.00
2025-07-26T07:29:00Z,60.00,1.00,75.00,99.00,41.00,99.00
2025-07-26T07:30:00Z,60.00,1.00,75.00,99.00,41.00,99.00
2025-07-26T07:31:00Z,60.00,1.00,75.00,99.00,41.00,99.00
2025-07-26T07:32:00Z,60.00,1.00,75.00,99.00,42.00,99.00
2025-07-26T07:33:00Z,61.00,1.00,74.18,99.00,41.00,99.00
2025-07-26T07:34:00Z,60.00,1.00,75.00,99.00,41.00,99.00
2025-07-26T07:35:00Z,60.00,1.00,75.00,99.00,41.00,99.00
2025-07-26T07:36:00Z,61.00,1.00,75.00,99.00,41.00,99.00
2025-07-26T07:37:00Z,60.26,1.00,75.00,99.00,42.00,99.00
2025-07-26T07:38:00Z,60.67,1.00,75.00,99.00,41.00,99.00
2025-07-26T07:39:00Z,60.67,1.00,75.00,99.00,41.00,99.00
2025-07-26T07:40:00Z,60.00,1.00,75.00,99.00,41.00,99.00
2025-07-26T07:41:00Z,60.00,1.00,75.00,99.00,42.00,99.00
2025-07-26T07:42:00Z,60.00,1.00,72.00,99.00,42.00,99.00
2025-07-26T07:43:00Z,60.00,1.00,72.00,99.00,42.00,99.00
2025-07-26T07:44:00Z,60.00,1.00,72.00,99.00,42.00,99.00
2025-07-26T07:45:00Z,60.00,1.00,72.00,99.00,42.00,99.00
2025-07-26T07:46:00Z,61.00,1.00,72.00,99.00,42.00,99.00
2025-07-26T07:47:00Z,60.00,1.00,72.00,99.00,41.00,99.00
2025-07-26T07:48:00Z,60.00,1.00,73.00,99.00,41.00,99.00
2025-07-26T07:49:00Z,60.00,1.00,72.00,99.00,41.00,99.00
2025-07-26T07:50:00Z,60.00,1.00,72.00,99.00,41.59,99.00
2025-07-26T07:51:00Z,61.00,1.00,72.00,99.00,41.00,99.00
2025-07-26T07:52:00Z,61.00,1.00,72.61,99.00,42.00,99.00
2025-07-26T07:53:00Z,61.00,1.00,72.61,99.00,42.00,99.00
2025-07-26T07:54:00Z,60.00,1.00,73.00,99.00,41.00,99.00
2025-07-26T07:55:00Z,61.00,1.00,73.00,99.00,41.00,99.00
2025-07-26T07:56:00Z,61.00,1.00,72.00,99.00,42.00,99.00
2025-07-26T07:57:00Z,61.00,1.00,73.00,99.00,41.00,99.00
2025-07-26T07:58:00Z,61.00,1.00,73.00,99.00,41.00,99.00
2025-07-26T07:59:00Z,60.48,1.00,72.00,99.00,41.00,99.00
2025-07-26T08:00:00Z,61.00,1.00,72.00,99.00,41.00,99.00
2025-07-26T08:01:00Z,60.00,1.00,73.00,99.00,41.00,99.00
2025-07-26T08:02:00Z,60.00,1.00,73.00,99.00,41.00,99.00
2025-07-26T08:03:00Z,60.00,1.00,72.00,99.00,41.00,99.00
2025-07-26T08:04:00Z,60.69,1.00,72.00,99.00,41.00,99.00
2025-07-26T08:05:00Z,60.69,1.00,72.00,99.00,41.00,99.00
2025-07-26T08:06:00Z,60.43,1.00,73.00,99.00,47.00,99.00
2025-07-26T08:07:00Z,60.43,1.00,73.00,99.00,47.00,99.00
2025-07-26T08:08:00Z,60.43,1.00,73.00,99.00,46.00,99.00
2025-07-26T08:09:00Z,60.43,1.00,72.00,99.00,46.00,99.00
2025-07-26T08:10:00Z,61.00,1.00,72.00,99.00,47.00,99.00
2025-07-26T08:11:00Z,61.00,1.00,73.00,99.00,46.00,99.00
2025-07-26T08:12:00Z,60.00,1.00,72.00,99.00,47.00,99.00
2025-07-26T08:13:00Z,60.00,1.00,73.00,99.00,47.00,99.00
2025-07-26T08:14:00Z,60.00,1.00,73.00,99.00,46.00,99.00
2025-07-26T08:15:00Z,60.00,1.00,73.00,99.00,47.00,99.00
2025-07-26T08:16:00Z,60.00,1.00,73.00,99.00,47.00,99.00
2025-07-26T08:17:00Z,60.00,1.00,72.00,99.00,47.00,99.00
2025-07-26T08:18:00Z,60.00,1.00,72.00,99.00,47.00,99.00
2025-07-26T08:19:00Z,65.00,1.00,72.00,99.00,46.00,99.00
2025-07-26T08:20:00Z,65.00,1.00,72.00,99.00,46.00,99.00
2025-07-26T08:21:00Z,65.00,1.00,72.00,99.00,46.00,99.00
2025-07-26T08:22:00Z,65.00,1.00,72.00,99.00,47.00,99.00
2025-07-26T08:23:00Z,65.00,1.00,72.00,99.00,46.00,99.00
2025-07-26T08:24:00Z,65.00,1.00,72.00,99.00,47.00,99.00
2025-07-26T08:25:00Z,65.00,1.00,72.00,99.00,47.00,99.00
2025-07-26T08:26:00Z,65.00,1.00,72.00,99.00,46.00,99.00
2025-07-26T08:27:00Z,67.28,1.00,77.00,99.00,46.00,99.00
2025-07-26T08:28:00Z,67.28,1.00,77.00,99.00,46.00,99.00
2025-07-26T08:29:00Z,67.28,1.00,76.00,99.00,46.00,99.00
2025-07-26T08:30:00Z,67.00,1.00,77.00,99.00,46.00,99.00
2025-07-26T08:31:00Z,68.00,1.00,77.00,99.00,46.00,99.00
2025-07-26T08:32:00Z,67.33,1.00,77.00,99.00,46.00,99.00
2025-07-26T08:33:00Z,68.00,1.00,77.00,99.00,46.00,99.00
2025-07-26T08:34:00Z,68.00,1.00,77.00,99.00,46.00,99.00
2025-07-26T08:35:00Z,67.00,1.00,77.00,99.00,46.00,99.00
2025-07-26T08:36:00Z,67.00,1.00,77.00,99.00,46.00,99.00
2025-07-26T08:37:00Z,67.59,1.00,76.35,99.00,46.67,99.00
2025-07-26T08:38:00Z,67.59,1.00,76.00,99.00,46.67,99.00
2025-07-26T08:39:00Z,67.59,1.00,76.00,99.00,47.00,99.00
2025-07-26T08:40:00Z,68.00,1.00,76.00,99.00,47.00,99.00
2025-07-26T08:41:00Z,68.00,1.00,77.00,99.00,47.00,99.00
2025-07-26T08:42:00Z,67.00,1.00,76.00,99.00,46.00,99.00
2025-07-26T08:43:00Z,67.00,1.00,76.00,99.00,46.00,99.00
2025-07-26T08:44:00Z,67.00,1.00,77.00,99.00,46.35,99.00
2025-07-26T08:45:00Z,68.00,1.00,76.00,99.00,46.35,99.00
2025-07-26T08:46:00Z,67.33,1.00,76.00,99.00,46.00,99.00
2025-07-26T08:47:00Z,68.00,1.00,76.00,99.00,46.00,99.00
2025-07-26T08:48:00Z,67.00,1.00,76.00,99.00,47.00,99.00
2025-07-26T08:49:00Z,67.64,1.00,77.00,99.00,46.00,99.00
2025-07-26T08:50:00Z,68.00,1.00,77.00,99.00,46.00,99.00
2025-07-26T08:51:00Z,67.58,1.00,76.00,99.00,46.00,99.00
2025-07-26T08:52:00Z,67.58,1.00,76.00,99.00,46.00,99.00
2025-07-26T08:53:00Z,67.58,1.00,77.00,99.00,47.00,99.00
2025-07-26T08:54:00Z,67.58,1.00,77.00,99.00,46.00,99.00
2025-07-26T08:55:00Z,67.42,1.00,76.55,99.00,47.00,99.00
2025-07-26T08:56:00Z,67.42,1.00,76.55,99.00,46.00,99.00
2025-07-26T08:57:00Z,67.00,1.00,76.55,99.00,46.00,99.00
2025-07-26T08:58:00Z,68.00,1.00,76.39,99.00,46.54,99.00
2025-07-26T08:59:00Z,68.00,1.00,76.00,99.00,46.00,99.00
2025-07-26T09:00:00Z,67.00,1.00,76.00,99.00,46.00,99.00
2025-07-26T09:01:00Z,67.00,1.00,77.00,99.00,46.00,99.00
2025-07-26T09:02:00Z,67.00,1.00,77.00,99.00,47.00,99.00
2025-07-26T09:03:00Z,67.00,1.00,76.00,99.00,47.00,99.00
2025-07-26T09:04:00Z,67.00,1.00,77.00,99.00,46.00,99.00
2025-07-26T09:05:00Z,67.00,1.00,77.00,99.00,47.00,99.00
2025-07-26T09:06:00Z,67.00,1.00,77.00,99.00,47.00,99.00
2025-07-26T09:07:00Z,67.00,1.00,77.00,99.00,47.00,99.00
2025-07-26T09:08:00Z,67.28,1.00,77.00,99.00,46.30,99.00
2025-07-26T09:09:00Z,68.00,1.00,76.00,99.00,47.00,99.00
2025-07-26T09:10:00Z,68.00,1.00,76.00,99.00,47.00,99.00
2025-07-26T09:11:00Z,68.00,1.00,77.00,99.00,47.00,99.00
2025-07-26T09:12:00Z,68.00,1.00,76.00,99.00,47.00,99.00
2025-07-26T09:13:00Z,68.00,1.00,76.00,99.00,46.00,99.00
2025-07-26T09:14:00Z,67.49,1.00,76.65,99.00,47.00,99.00
2025-07-26T09:15:00Z,67.49,1.00,76.65,99.00,47.00,99.00
2025-07-26T09:16:00Z,68.00,1.00,77.00,99.00,47.00,99.00
2025-07-26T09:17:00Z,67.00,1.00,76.00,99.00,46.17,99.00
2025-07-26T09:18:00Z,68.00,1.00,77.00,99.00,46.17,99.00
2025-07-26T09:19:00Z,68.00,1.00,77.00,99.00,47.00,99.00
2025-07-26T09:20:00Z,68.00,1.00,77.00,99.00,46.00,99.00
2025-07-26T09:21:00Z,67.00,1.00,76.00,99.00,46.47,99.00
2025-07-26T09:22:00Z,68.00,1.00,77.00,99.00,46.00,99.00
2025-07-26T09:23:00Z,68.00,1.00,77.00,99.00,46.00,99.00
2025-07-26T09:24:00Z,68.00,1.00,77.00,99.00,46.00,99.00
2025-07-26T09:25:00Z,68.00,1.00,76.00,99.00,47.00,99.00
2025-07-26T09:26:00Z,67.37,1.00,77.00,99.00,46.00,99.00
2025-07-26T09:27:00Z,67.37,1.00,76.00,99.00,46.00,99.00
2025-07-26T09:28:00Z,68.00,1.00,77.00,99.00,47.00,99.00
2025-07-26T09:29:00Z,68.00,1.00,76.00,99.00,47.00,99.00
2025-07-26T09:30:00Z,68.00,1.00,76.00,99.00,46.00,99.00
2025-07-26T09:31:00Z,68.00,1.00,76.00,99.00,47.00,99.00
2025-07-26T09:32:00Z,68.00,1.00,76.49,99.00,47.00,99.00
2025-07-26T09:33:00Z,68.00,1.00,76.49,99.00,47.00,99.00
2025-07-26T09:34:00Z,67.00,1.00,76.29,99.00,47.00,99.00
2025-07-26T09:35:00Z,68.00,1.00,76.54,99.00,46.00,99.00
2025-07-26T09:36:00Z,67.00,1.00,76.56,99.00,46.00,99.00
2025-07-26T09:37:00Z,67.00,1.00,76.56,99.00,46.00,99.00
2025-07-26T09:38:00Z,67.00,1.00,76.56,99.00,46.00,99.00
2025-07-26T09:39:00Z,67.00,1.00,76.46,99.00,47.00,99.00
2025-07-26T09:40:00Z,67.00,1.00,77.00,99.00,47.00,99.00
2025-07-26T09:41:00Z,67.00,1.00,77.00,99.00,46.00,99.00
2025-07-26T09:42:00Z,67.00,1.00,77.00,99.00,47.00,99.00
2025-07-26T09:43:00Z,67.00,1.00,76.00,99.00,47.00,99.00
2025-07-26T09:44:00Z,74.00,1.00,77.00,99.00,46.00,99.00
2025-07-26T09:45:00Z,72.92,1.00,77.00,99.00,46.00,99.00
2025-07-26T09:46:00Z,72.29,1.00,76.00,99.00,46.00,99.00
2025-07-26T09:47:00Z,72.29,1.00,76.00,99.00,46.00,99.00
2025-07-26T09:48:00Z,72.55,1.00,76.00,99.00,46.48,99.00
2025-07-26T09:49:00Z,73.00,1.00,76.65,99.00,47.00,99.00
2025-07-26T09:50:00Z,73.00,1.00,76.00,99.00,47.00,99.00
2025-07-26T09:51:00Z,72.00,1.00,76.00,99.00,47.00,99.00
2025-07-26T09:52:00Z,72.00,1.00,77.00,99.00,47.00,99.00
2025-07-26T09:53:00Z,72.61,1.00,77.00,99.00,47.00,99.00
2025-07-26T09:54:00Z,72.61,1.00,77.00,99.00,45.50,99.00
2025-07-26T09:55:00Z,72.61,1.00,77.00,99.00,45.00,99.00
2025-07-26T09:56:00Z,72.61,1.00,77.00,99.00,45.00,99.00
2025-07-26T09:57:00Z,72.61,1.00,77.00,99.00,45.59,99.00
2025-07-26T09:58:00Z,73.00,1.00,76.41,99.00,45.55,99.00
2025-07-26T09:59:00Z,73.00,1.00,77.00,99.00,45.55,99.00
2025-07-26T10:00:00Z,72.00,1.00,77.00,99.00,45.00,99.00
2025-07-26T10:01:00Z,72.00,1.00,77.00,99.00,46.00,99.00
2025-07-26T10:02:00Z,72.00,1.00,76.25,99.00,46.00,99.00
2025-07-26T10:03:00Z,72.00,1.00,76.25,99.00,45.00,99.00
2025-07-26T10:04:00Z,72.00,1.00,76.00,99.00,45.00,99.00
2025-07-26T10:05:00Z,72.00,1.00,76.00,99.00,45.00,99.00
2025-07-26T10:06:00Z,73.00,1.00,76.00,99.00,46.00,99.00
2025-07-26T10:07:00Z,73.00,1.00,77.00,99.00,46.00,99.00
2025-07-26T10:08:00Z,73.00,1.00,77.00,99.00,46.00,99.00
2025-07-26T10:09:00Z,73.00,1.00,77.00,99.00,46.00,99.00
2025-07-26T10:10:00Z,71.00,1.00,77.00,99.00,46.00,99.00
2025-07-26T10:11:00Z,71.00,1.00,76.45,99.00,45.00,99.00
2025-07-26T10:12:00Z,71.00,1.00,76.00,99.00,45.00,99.00
2025-07-26T10:13:00Z,72.00,1.00,76.00,99.00,45.00,99.00
2025-07-26T10:14:00Z,72.00,1.00,76.00,99.00,45.00,99.00
2025-07-26T10:15:00Z,72.00,1.00,77.00,99.00,46.00,99.00
2025-07-26T10:16:00Z,72.00,1.00,77.00,99.00,46.00,99.00
2025-07-26T10:17:00Z,71.00,1.00,77.00,99.00,46.00,99.00
2025-07-26T10:18:00Z,71.00,1.00,76.00,99.00,45.00,99.00
2025-07-26T10:19:00Z,71.00,1.00,76.00,99.00,45.00,99.00
2025-07-26T10:20:00Z,71.00,1.00,76.00,99.00,46.00,99.00
2025-07-26T10:21:00Z,71.00,1.00,77.00,99.00,46.00,99.00
2025-07-26T10:22:00Z,72.00,1.00,77.00,99.00,45.41,99.00
2025-07-26T10:23:00Z,71.00,1.00,76.00,99.00,45.00,99.00
2025-07-26T10:24:00Z,71.00,1.00,76.00,99.00,46.00,99.00
2025-07-26T10:25:00Z,71.00,1.00,77.00,99.00,46.00,99.00
2025-07-26T10:26:00Z,72.00,1.00,77.00,99.00,46.00,99.00
2025-07-26T10:27:00Z,72.00,1.00,76.00,99.00,46.00,99.00
2025-07-26T10:28:00Z,72.00,1.00,76.00,99.00,46.00,99.00
2025-07-26T10:29:00Z,71.00,1.00,76.00,99.00,45.70,99.00
2025-07-26T10:30:00Z,72.00,1.00,76.67,99.00,45.00,99.00
2025-07-26T10:31:00Z,72.00,1.00,77.00,99.00,46.00,99.00
2025-07-26T10:32:00Z,72.00,1.00,77.00,99.00,46.00,99.00
2025-07-26T10:33:00Z,72.00,1.00,77.00,99.00,46.00,99.00
2025-07-26T10:34:00Z,72.00,1.00,76.29,99.00,46.00,99.00
2025-07-26T10:35:00Z,72.00,1.00,76.29,99.00,46.00,99.00
2025-07-26T10:36:00Z,72.00,1.00,77.00,99.00,46.00,99.00
2025-07-26T10:37:00Z,72.00,1.00,77.00,99.00,46.00,99.00
2025-07-26T10:38:00Z,71.00,1.00,76.00,99.00,46.00,99.00
2025-07-26T10:39:00Z,71.00,1.00,76.00,99.00,45.25,99.00
2025-07-26T10:40:00Z,72.00,1.00,77.00,99.00,45.25,99.00
2025-07-26T10:41:00Z,72.00,1.00,77.00,99.00,46.00,99.00
2025-07-26T10:42:00Z,72.00,1.00,77.00,99.00,46.00,99.00
2025-07-26T10:43:00Z,72.00,1.00,76.43,99.00,45.00,99.00
2025-07-26T10:44:00Z,70.00,1.00,76.43,99.00,45.00,99.00
2025-07-26T10:45:00Z,71.00,1.00,76.43,99.00,45.00,99.00
2025-07-26T10:46:00Z,71.00,1.00,76.43,99.00,45.00,99.00
2025-07-26T10:47:00Z,70.00,1.00,77.00,99.00,46.00,99.00
2025-07-26T10:48:00Z,70.77,1.00,77.00,99.00,46.00,99.00
2025-07-26T10:49:00Z,70.77,1.00,77.00,99.00,45.00,99.00
2025-07-26T10:50:00Z,70.00,1.00,77.00,99.00,45.00,99.00
2025-07-26T10:51:00Z,71.00,1.00,77.00,99.00,45.00,99.00
2025-07-26T10:52:00Z,70.00,1.00,76.00,99.00,46.00,99.00
2025-07-26T10:53:00Z,71.00,1.00,76.00,99.00,45.00,99.00
2025-07-26T10:54:00Z,70.00,1.00,77.00,99.00,46.00,99.00
2025-07-26T10:55:00Z,70.00,1.00,77.00,99.00,46.00,99.00
2025-07-26T10:56:00Z,70.39,1.00,76.00,99.00,45.00,99.00
2025-07-26T10:57:00Z,70.00,1.00,76.00,99.00,45.00,99.00
2025-07-26T10:58:00Z,71.00,1.00,76.00,99.00,46.00,99.00
2025-07-26T10:59:00Z,70.00,1.00,77.00,99.00,46.00,99.00
2025-07-26T11:00:00Z,70.00,1.00,77.00,99.00,46.00,99.00
2025-07-26T11:01:00Z,70.00,1.00,77.00,99.00,45.21,99.00
2025-07-26T11:02:00Z,70.00,1.00,77.00,99.00,45.00,99.00
2025-07-26T11:03:00Z,70.00,1.00,76.00,99.00,45.00,99.00
2025-07-26T11:04:00Z,70.00,1.00,76.00,99.00,45.00,99.00
2025-07-26T11:05:00Z,70.53,1.00,76.60,99.00,46.00,99.00
2025-07-26T11:06:00Z,70.53,1.00,77.00,99.00,45.34,99.00
2025-07-26T11:07:00Z,70.00,1.00,76.00,99.00,45.34,99.00
2025-07-26T11:08:00Z,70.00,1.00,77.00,99.00,46.00,99.00
2025-07-26T11:09:00Z,71.00,1.00,77.00,99.00,46.00,99.00
2025-07-26T11:10:00Z,71.00,1.00,76.00,99.00,46.00,99.00
2025-07-26T11:11:00Z,71.00,1.00,77.00,99.00,46.00,99.00
2025-07-26T11:12:00Z,70.00,1.00,76.00,99.00,46.00,99.00
2025-07-26T11:13:00Z,70.00,1.00,77.00,99.00,46.00,99.00
2025-07-26T11:14:00Z,70.00,1.00,76.00,99.00,46.00,99.00
2025-07-26T11:15:00Z,70.00,1.00,76.00,99.00,46.00,99.00
2025-07-26T11:16:00Z,70.00,1.00,76.00,99.00,46.00,99.00
2025-07-26T11:17:00Z,70.00,1.00,76.00,99.00,46.00,99.00
2025-07-26T11:18:00Z,70.00,1.00,76.00,99.00,46.00,99.00
2025-07-26T11:19:00Z,70.00,1.00,76.00,99.00,46.00,99.00
2025-07-26T11:20:00Z,70.00,1.00,76.00,99.00,46.00,99.00
2025-07-26T11:21:00Z,71.00,1.00,76.00,99.00,46.00,99.00
2025-07-26T11:22:00Z,71.00,1.00,79.00,99.00,44.00,99.00
2025-07-26T11:23:00Z,71.00,1.00,78.00,99.00,44.00,99.00
2025-07-26T11:24:00Z,71.00,1.00,79.00,99.00,44.00,99.00
2025-07-26T11:25:00Z,70.00,1.00,79.00,99.00,45.00,99.00
2025-07-26T11:26:00Z,70.00,1.00,78.00,99.00,45.00,99.00
2025-07-26T11:27:00Z,70.00,1.00,78.00,99.00,44.00,99.00
2025-07-26T11:28:00Z,70.00,1.00,79.00,99.00,44.00,99.00
2025-07-26T11:29:00Z,71.00,1.00,79.00,99.00,44.00,99.00
2025-07-26T11:30:00Z,71.00,1.00,79.00,99.00,44.50,99.00
2025-07-26T11:31:00Z,71.00,1.00,79.00,99.00,44.50,99.00
2025-07-26T11:32:00Z,71.00,1.00,78.00,99.00,44.00,99.00
2025-07-26T11:33:00Z,72.00,1.00,78.00,99.00,45.00,99.00
2025-07-26T11:34:00Z,72.00,1.00,78.00,99.00,45.00,99.00
2025-07-26T11:35:00Z,71.00,1.00,78.00,99.00,44.00,99.00
2025-07-26T11:36:00Z,71.00,1.00,78.00,99.00,44.00,99.00
2025-07-26T11:37:00Z,71.00,1.00,79.00,99.00,45.00,99.00
2025-07-26T11:38:00Z,72.00,1.00,79.00,99.00,45.00,99.00
2025-07-26T11:39:00Z,72.00,1.00,78.00,99.00,45.00,99.00
2025-07-26T11:40:00Z,72.00,1.00,78.00,99.00,45.00,99.00
2025-07-26T11:41:00Z,71.00,1.00,79.00,99.00,45.00,99.00
2025-07-26T11:42:00Z,71.00,1.00,78.00,99.00,45.00,99.00
2025-07-26T11:43:00Z,71.00,1.00,79.00,99.00,44.00,99.00
2025-07-26T11:44:00Z,72.00,1.00,79.00,99.00,44.00,99.00
2025-07-26T11:45:00Z,72.00,1.00,79.00,99.00,44.00,99.00
2025-07-26T12:01:00Z,72.00,1.00,79.00,99.00,44.00,99.00
2025-07-26T20:05:00Z,99.00,1.00,82.66,99.00,99.00,99.00
2025-07-26T20:06:00Z,99.00,1.00,86.75,99.00,99.00,99.00
2025-07-26T20:07:00Z,99.00,1.00,1.00,99.00,99.00,99.00
2025-07-26T20:08:00Z,99.00,1.00,1.00,99.00,99.00,99.00
2025-07-26T20:09:00Z,99.00,1.00,1.00,99.00,99.00,99.00
2025-07-26T20:10:00Z,99.00,1.00,1.00,99.00,99.00,99.00
2025-07-26T20:11:00Z,99.00,1.00,1.00,99.00,99.00,99.00
2025-07-26T20:12:00Z,99.00,1.00,1.00,99.00,99.00,99.00
2025-07-26T20:13:00Z,99.00,1.00,1.00,99.00,99.00,99.00
2025-07-26T20:14:00Z,99.00,1.00,1.00,99.00,99.00,99.00
2025-07-26T20:15:00Z,99.00,1.00,1.00,99.00,99.00,99.00
2025-07-26T20:16:00Z,99.00,1.00,1.00,99.00,99.00,99.00
2025-07-26T20:17:00Z,99.00,1.00,1.00,99.00,99.00,99.00
2025-07-26T20:18:00Z,99.00,1.00,1.00,99.00,99.00,99.00
2025-07-26T20:19:00Z,99.00,1.00,1.00,99.00,99.00,99.00
2025-07-26T20:20:00Z,99.00,1.00,1.00,99.00,99.00,99.00
2025-07-26T20:21:00Z,99.00,1.00,1.00,99.00,99.00,99.00
2025-07-26T20:22:00Z,99.00,1.00,1.00,99.00,99.00,99.00
2025-07-26T20:23:00Z,99.00,1.00,1.00,99.00,99.00,99.00
2025-07-26T20:24:00Z,99.00,1.00,1.00,99.00,99.00,99.00
2025-07-26T20:25:00Z,99.00,1.00,1.00,99.00,99.00,99.00
2025-07-26T20:26:00Z,99.00,1.00,1.00,99.00,99.00,99.00
2025-07-26T20:27:00Z,99.00,1.00,1.00,99.00,99.00,99.00
2025-07-26T20:28:00Z,99.00,1.00,1.00,99.00,99.00,99.00
2025-07-26T20:29:00Z,99.00,1.00,1.00,99.00,99.00,99.00
2025-07-26T20:30:00Z,99.00,1.00,1.00,99.00,99.00,99.00
2025-07-26T20:31:00Z,99.00,1.00,1.00,99.00,99.00,99.00
2025-07-26T20:32:00Z,99.00,1.00,1.00,99.00,99.00,99.00
2025-07-26T20:33:00Z,99.00,1.00,1.00,99.00,99.00,99.00
2025-07-26T20:34:00Z,99.00,1.00,1.00,99.00,99.00,99.00
2025-07-26T20:35:00Z,99.00,1.00,1.00,99.00,99.00,99.00
2025-07-26T20:36:00Z,99.00,1.00,1.00,99.00,99.00,99.00
2025-07-26T20:37:00Z,99.00,1.00,1.00,99.00,99.00,99.00
2025-07-26T20:38:00Z,99.00,1.00,1.00,99.00,99.00,99.00
2025-07-26T20:39:00Z,99.00,1.00,1.00,99.00,99.00,99.00
2025-07-26T20:40:00Z,99.00,1.00,1.00,99.00,99.00,99.00
2025-07-26T20:41:00Z,99.00,1.00,1.00,99.00,99.00,99.00
2025-07-26T20:42:00Z,99.00,1.00,1.00,99.00,99.00,99.00
2025-07-26T20:43:00Z,99.00,1.00,1.00,99.00,99.00,99.00
2025-07-26T20:44:00Z,99.00,1.00,1.00,99.00,99.00,99.00
2025-07-26T20:45:00Z,99.00,1.00,1.00,99.00,99.00,99.00
2025-07-26T20:46:00Z,99.00,1.00,1.00,99.00,99.00,99.00
2025-07-26T20:47:00Z,99.00,1.00,1.00,99.00,99.00,99.00
2025-07-26T20:48:00Z,99.00,1.00,1.00,99.00,99.00,99.00
2025-07-26T20:49:00Z,99.00,1.00,1.00,99.00,99.00,99.00
2025-07-26T20:50:00Z,99.00,1.00,1.00,99.00,99.00,99.00
2025-07-26T20:51:00Z,99.00,1.00,1.00,99.00,99.00,99.00
2025-07-26T20:52:00Z,99.00,1.00,1.00,99.00,99.00,99.00
2025-07-26T20:53:00Z,99.00,1.00,1.00,99.00,99.00,99.00
2025-07-26T20:54:00Z,99.00,1.00,1.00,99.00,99.00,99.00
2025-07-26T20:55:00Z,99.00,1.00,1.00,99.00,99.00,99.00
2025-07-27T03:01:00Z,99.00,1.00,1.00,99.00,99.00,99.00
2025-07-27T03:02:00Z,99.00,1.00,1.00,99.00,99.00,99.00
2025-07-27T03:03:00Z,99.00,1.00,1.00,99.00,99.00,99.00
2025-07-27T03:04:00Z,99.00,1.00,1.00,99.00,99.00,99.00
2025-07-27T03:05:00Z,99.00,1.00,1.00,99.00,99.00,99.00
2025-07-27T03:06:00Z,99.00,1.00,1.00,99.00,99.00,99.00
2025-07-27T03:07:00Z,99.00,1.00,1.00,81.66,99.00,57.32
2025-07-27T03:08:00Z,99.00,1.00,1.00,81.66,99.00,57.32
2025-07-27T03:09:00Z,99.00,1.00,1.00,81.66,99.00,57.32
2025-07-27T03:10:00Z,99.00,1.00,1.00,81.66,99.00,57.32
2025-07-27T03:11:00Z,99.00,1.00,1.00,81.66,99.00,57.32
2025-07-27T03:12:00Z,99.00,1.00,1.00,94.00,99.00,82.99
2025-07-27T03:13:00Z,99.00,1.00,1.00,94.00,99.00,82.99
2025-07-27T03:14:00Z,99.00,1.00,1.00,94.00,99.00,82.99
2025-07-27T03:15:00Z,99.00,1.00,1.00,94.00,99.00,82.99
2025-07-27T03:16:00Z,99.00,1.00,1.00,94.00,99.00,82.99
2025-07-27T03:17:00Z,99.00,1.00,1.00,8.00,99.00,55.50
2025-07-27T03:18:00Z,99.00,1.00,1.00,8.00,99.00,55.50
2025-07-27T03:19:00Z,99.00,1.00,1.00,8.00,99.00,55.50
2025-07-27T03:20:00Z,99.00,1.00,1.00,8.00,99.00,55.50
2025-07-27T03:21:00Z,99.00,1.00,1.00,8.00,99.00,55.50
2025-07-27T03:22:00Z,99.00,1.00,1.00,97.00,99.00,5.00
2025-07-27T03:23:00Z,99.00,1.00,1.00,97.00,99.00,51.44
2025-07-27T03:24:00Z,99.00,1.00,1.00,97.00,99.00,51.44
2025-07-27T03:25:00Z,99.00,1.00,1.00,97.00,99.00,51.44
2025-07-27T03:26:00Z,99.00,1.00,1.00,97.00,99.00,51.44
2025-07-27T03:27:00Z,99.00,1.00,1.00,39.58,99.00,7.00
2025-07-27T03:28:00Z,99.00,1.00,1.00,12.00,99.00,6.45
2025-07-27T03:29:00Z,99.00,1.00,1.00,12.00,99.00,6.45
2025-07-27T03:30:00Z,99.00,1.00,1.00,12.00,99.00,6.45
2025-07-27T03:31:00Z,99.00,1.00,1.00,12.00,99.00,6.45
2025-07-27T03:32:00Z,99.00,1.00,1.00,12.00,99.00,6.45
2025-07-27T03:33:00Z,99.00,1.00,1.00,58.33,99.00,46.98
2025-07-27T03:34:00Z,99.00,1.00,1.00,58.33,99.00,46.98
2025-07-27T03:35:00Z,99.00,1.00,1.00,58.33,99.00,46.98
2025-07-27T03:36:00Z,99.00,1.00,1.00,58.33,99.00,46.98
2025-07-27T03:37:00Z,99.00,1.00,1.00,58.33,99.00,46.98
2025-07-27T03:38:00Z,99.00,1.00,1.00,38.17,99.00,22.82
2025-07-27T03:39:00Z,99.00,1.00,1.00,38.17,99.00,22.82
2025-07-27T03:40:00Z,99.00,1.00,1.00,38.17,99.00,22.82
2025-07-27T03:41:00Z,99.00,1.00,1.00,38.17,99.00,22.82
2025-07-27T03:42:00Z,99.00,1.00,1.00,38.17,99.00,22.82
2025-07-27T03:43:00Z,99.00,1.00,1.00,37.78,99.00,2.00
2025-07-27T03:44:00Z,99.00,1.00,1.00,37.78,99.00,2.00
2025-07-27T03:45:00Z,99.00,1.00,1.00,37.78,99.00,2.00
2025-07-27T03:46:00Z,99.00,1.00,1.00,37.78,99.00,2.00
2025-07-27T03:47:00Z,99.00,1.00,1.00,37.78,99.00,2.00
2025-07-27T03:48:00Z,99.00,1.00,1.00,55.82,99.00,54.81
2025-07-27T03:49:00Z,99.00,1.00,1.00,55.82,99.00,54.81
2025-07-27T03:50:00Z,99.00,1.00,1.00,55.82,99.00,54.81
2025-07-27T03:51:00Z,99.00,1.00,1.00,55.82,99.00,54.81
2025-07-27T03:52:00Z,99.00,1.00,1.00,55.82,99.00,54.81
2025-07-27T03:53:00Z,99.00,1.00,1.00,57.59,99.00,25.67
2025-07-27T03:54:00Z,99.00,1.00,1.00,94.21,99.00,96.00
2025-07-27T03:55:00Z,99.00,1.00,1.00,94.21,99.00,96.00
2025-07-27T03:56:00Z,99.00,1.00,1.00,94.21,99.00,96.00
2025-07-27T03:57:00Z,99.00,1.00,1.00,94.21,99.00,96.00
2025-07-27T03:58:00Z,99.00,1.00,1.00,21.27,99.00,18.21
2025-07-27T03:59:00Z,99.00,1.00,1.00,5.78,99.00,18.21