timestamp,41.9 or below,42.0 to 42.2,42.3 to 42.5,42.6 to 42.8,42.9 to 43.1,43.2 to 43.4,43.5 to 43.7,43.8 or above
2026-01-24T05:04:00Z,1.00,,,,,,,
2026-01-24T11:05:00Z,1.00,,,,,9.19,,
2026-01-24T14:25:00Z,1.00,,,,,16.89,,
2026-01-24T16:24:00Z,7.00,,,,,16.89,,
2026-01-24T18:39:00Z,7.00,,,,18.00,16.89,,
2026-01-24T22:28:00Z,6.77,,,,18.00,16.89,,
2026-01-24T23:36:00Z,6.77,,31.00,,18.00,16.89,,
2026-01-24T23:42:00Z,11.66,,31.00,,18.00,16.89,,
2026-01-25T02:06:00Z,6.00,14.00,32.00,47.00,18.00,16.89,1.00,1.00
2026-01-25T05:48:00Z,13.00,14.00,32.00,47.00,18.00,16.89,1.00,1.00
2026-01-25T05:49:00Z,9.00,14.00,32.00,47.00,18.00,16.89,1.00,1.00
2026-01-25T05:50:00Z,6.00,14.00,31.00,31.00,18.00,5.00,1.00,1.00
2026-01-25T07:36:00Z,8.00,14.00,31.00,31.00,18.00,5.00,1.00,1.00
2026-01-25T10:26:00Z,8.00,14.00,31.00,31.00,18.00,5.00,1.00,4.52
2026-01-25T10:27:00Z,6.12,14.00,30.00,30.00,17.00,4.00,2.00,3.00
2026-01-25T10:29:00Z,6.12,14.00,30.00,30.00,19.00,4.00,2.00,3.00
2026-01-25T10:31:00Z,6.12,14.00,30.00,30.00,19.00,4.00,2.00,3.00
2026-01-25T10:44:00Z,8.16,14.00,30.00,30.00,19.00,4.00,2.00,3.00
2026-01-25T13:52:00Z,8.16,14.00,30.00,30.00,18.25,4.00,2.00,3.00
2026-01-25T14:43:00Z,8.93,14.00,30.00,30.00,18.25,4.00,2.00,3.00
2026-01-25T15:13:00Z,8.93,15.00,37.20,29.83,18.25,4.00,2.00,3.00
2026-01-25T15:54:00Z,8.93,14.00,37.20,29.83,18.25,4.00,2.00,3.00
2026-01-25T17:23:00Z,8.93,15.00,37.20,29.83,18.25,4.00,2.00,3.00
2026-01-25T18:04:00Z,8.93,15.00,37.20,29.83,21.00,4.00,2.00,3.00
2026-01-25T18:05:00Z,8.93,15.00,30.00,31.00,21.00,4.00,2.00,3.00
2026-01-25T18:22:00Z,8.93,15.00,30.00,31.00,21.00,4.00,2.00,4.00
2026-01-25T19:33:00Z,8.93,14.00,30.00,31.00,21.00,4.00,2.00,4.00
2026-01-25T19:35:00Z,8.93,14.00,30.00,31.00,21.00,4.00,2.00,4.00
2026-01-25T19:49:00Z,8.93,14.00,30.00,31.00,21.00,4.00,2.00,4.00
2026-01-25T19:55:00Z,9.84,14.00,30.00,31.00,21.00,4.00,2.00,4.00
2026-01-25T20:05:00Z,9.00,14.00,30.00,31.00,21.00,4.00,2.00,4.00
2026-01-25T20:25:00Z,9.00,14.00,30.00,31.00,21.00,4.00,2.00,4.00
2026-01-25T20:38:00Z,9.00,14.00,29.00,31.00,21.00,4.00,2.00,4.00
2026-01-25T22:54:00Z,15.23,14.00,29.00,31.00,21.00,4.00,2.00,4.00
2026-01-25T23:11:00Z,15.23,13.00,29.00,31.00,21.00,4.00,2.00,4.00
2026-01-26T01:08:00Z,18.54,13.00,29.00,31.00,21.00,4.00,2.00,4.00
2026-01-26T01:25:00Z,11.09,13.00,20.81,41.00,18.27,11.00,3.00,4.00
2026-01-26T02:36:00Z,13.22,13.00,20.81,41.00,18.27,11.00,3.00,4.00
2026-01-26T03:08:00Z,13.22,9.00,20.81,41.00,18.27,11.00,3.00,4.00
2026-01-26T03:10:00Z,13.22,9.00,23.00,29.00,18.27,11.00,3.00,4.00
2026-01-26T03:11:00Z,13.22,9.00,29.00,20.00,18.27,11.00,3.00,4.00
2026-01-26T03:52:00Z,18.20,9.00,29.00,20.00,18.27,11.00,3.00,4.00
2026-01-26T04:21:00Z,17.00,9.00,29.00,20.00,18.27,11.00,3.00,4.00
2026-01-26T04:26:00Z,17.00,9.00,28.93,20.00,18.27,11.00,3.00,4.00
2026-01-26T04:27:00Z,17.00,9.00,28.93,28.37,18.27,11.00,3.00,4.00
2026-01-26T05:55:00Z,17.46,9.00,28.93,28.37,18.27,11.00,3.00,4.00
2026-01-26T07:13:00Z,17.46,9.00,28.93,28.37,18.00,11.00,3.00,4.00
2026-01-26T10:08:00Z,17.46,9.00,28.93,29.00,18.00,11.00,3.00,4.00
2026-01-26T11:12:00Z,17.33,9.00,28.93,29.00,18.00,11.00,3.00,4.00
2026-01-26T11:44:00Z,17.33,9.00,28.93,29.00,19.00,11.00,3.00,4.00
2026-01-26T12:59:00Z,17.33,9.00,28.93,20.00,19.00,11.00,3.00,4.00
2026-01-26T13:43:00Z,17.33,12.00,28.93,20.00,19.00,11.00,3.00,4.00
2026-01-26T14:16:00Z,17.33,12.00,24.78,20.00,19.00,11.00,3.00,4.00
2026-01-26T14:20:00Z,17.33,12.00,20.00,20.00,19.00,11.00,3.00,4.00
2026-01-26T14:58:00Z,10.00,12.00,20.00,20.00,19.00,11.00,3.00,4.00
2026-01-26T15:46:00Z,10.00,12.00,25.00,20.00,19.00,11.00,3.00,4.00
2026-01-26T16:06:00Z,10.00,12.00,25.00,20.00,19.00,20.28,3.00,4.00
2026-01-26T16:43:00Z,10.00,12.00,27.00,20.00,19.00,20.28,3.00,4.00
2026-01-26T17:39:00Z,10.00,12.00,27.00,20.00,19.52,20.28,3.00,4.00
2026-01-26T18:13:00Z,10.00,12.00,27.00,20.00,20.00,20.28,3.00,4.00
2026-01-26T19:28:00Z,10.00,12.00,27.00,20.00,20.00,20.28,3.00,4.00
2026-01-26T19:29:00Z,17.00,12.00,27.00,20.00,20.00,20.28,3.00,4.00
2026-01-26T20:14:00Z,19.55,12.00,27.00,20.00,20.00,20.28,3.00,4.00
2026-01-26T20:46:00Z,19.55,12.00,27.00,24.00,20.00,20.28,3.00,4.00
2026-01-26T20:51:00Z,19.55,12.00,27.00,24.00,20.00,20.28,3.00,4.00
2026-01-26T21:06:00Z,18.00,12.00,27.00,24.00,20.00,20.28,3.00,4.00
2026-01-26T21:19:00Z,19.05,12.76,23.00,24.00,20.00,20.28,3.00,4.00
2026-01-26T21:21:00Z,23.42,12.34,19.31,21.00,19.00,11.00,3.00,1.71
2026-01-26T21:22:00Z,19.00,18.64,19.00,20.00,19.00,8.00,3.00,2.00
2026-01-26T21:23:00Z,25.00,13.00,17.00,20.16,18.43,8.00,3.00,2.00
2026-01-26T21:24:00Z,25.00,13.00,17.00,20.16,17.00,8.00,3.00,2.00
2026-01-26T21:27:00Z,25.00,13.00,14.94,22.00,17.00,8.00,3.00,2.00
2026-01-26T21:30:00Z,25.00,16.00,14.94,22.00,17.00,8.00,3.00,2.00
2026-01-26T21:31:00Z,25.00,16.00,14.94,22.00,17.00,8.00,3.00,2.00
2026-01-26T21:33:00Z,25.00,17.34,14.94,22.00,17.00,8.00,3.00,2.00
2026-01-26T21:39:00Z,25.00,17.34,14.94,22.00,17.00,9.00,3.00,2.00
2026-01-26T22:04:00Z,34.00,17.34,14.94,22.00,17.00,9.00,3.00,2.00
2026-01-26T22:07:00Z,33.00,17.34,14.94,22.00,17.00,9.00,3.00,2.00
2026-01-26T22:13:00Z,32.00,17.34,14.94,22.00,17.00,9.00,3.00,2.00
2026-01-26T22:20:00Z,32.00,17.34,15.00,21.00,14.00,9.00,3.00,2.00
2026-01-26T22:21:00Z,32.00,17.34,15.00,21.00,14.00,9.00,4.00,2.00
2026-01-26T22:22:00Z,32.00,17.00,15.00,21.00,14.00,9.00,4.00,2.00
2026-01-26T22:25:00Z,28.33,17.00,15.00,21.00,14.00,9.00,4.00,2.00
2026-01-26T22:26:00Z,28.33,17.00,15.19,21.00,14.00,9.00,4.00,2.00
2026-01-26T23:08:00Z,28.33,17.00,15.19,21.00,14.00,9.00,4.00,2.00
2026-01-26T23:11:00Z,31.00,17.00,15.19,21.00,14.00,9.00,4.00,2.00
2026-01-26T23:20:00Z,30.00,17.00,15.19,21.00,14.00,9.00,4.00,2.00
2026-01-26T23:33:00Z,31.00,17.00,15.19,21.00,14.00,9.00,4.00,2.00
2026-01-26T23:53:00Z,31.00,17.00,15.19,21.00,14.00,9.00,4.00,2.00
2026-01-27T00:00:00Z,31.00,17.00,15.19,21.00,14.00,7.00,4.00,2.00
2026-01-27T00:21:00Z,31.00,17.00,17.00,21.00,14.00,7.00,4.00,2.00
2026-01-27T00:23:00Z,31.00,17.00,17.00,21.00,15.00,7.00,4.00,2.00
2026-01-27T00:37:00Z,31.00,17.00,17.00,21.00,15.00,7.00,4.00,2.00
2026-01-27T00:45:00Z,31.00,17.00,17.00,21.00,15.00,8.92,4.00,2.00
2026-01-27T00:58:00Z,31.00,17.00,17.00,21.00,15.00,8.92,4.00,2.00
2026-01-27T01:12:00Z,32.48,17.00,17.00,21.00,15.00,8.92,4.00,2.00
2026-01-27T01:17:00Z,32.48,16.96,19.94,21.00,15.00,8.92,4.00,2.00
2026-01-27T01:22:00Z,32.48,16.96,19.94,21.00,15.00,13.70,4.00,2.00
2026-01-27T01:23:00Z,32.48,16.96,19.94,21.00,15.00,15.00,5.63,2.00
2026-01-27T01:24:00Z,23.25,12.50,19.94,21.00,15.00,15.00,5.63,2.00
2026-01-27T01:25:00Z,23.41,12.50,19.94,21.00,15.00,15.00,5.63,2.00
2026-01-27T01:26:00Z,23.41,12.00,16.00,21.00,15.00,15.00,5.63,2.00
2026-01-27T01:27:00Z,23.41,15.00,16.00,21.00,18.20,15.00,5.63,2.00
2026-01-27T01:36:00Z,14.30,15.00,16.00,21.00,18.20,15.00,5.63,2.00
2026-01-27T01:40:00Z,15.54,15.00,16.00,21.00,18.20,15.00,5.63,2.00
2026-01-27T01:58:00Z,20.89,15.00,16.00,21.00,18.20,15.00,5.63,2.00
2026-01-27T02:10:00Z,21.00,15.00,16.00,21.00,18.20,15.00,5.63,2.00
2026-01-27T02:15:00Z,10.84,15.00,19.57,21.00,18.20,11.52,5.63,2.00
2026-01-27T02:23:00Z,15.00,15.00,19.57,21.00,18.20,11.52,5.63,2.00
2026-01-27T02:30:00Z,15.00,13.00,19.57,21.00,18.20,16.02,6.35,2.00
2026-01-27T02:31:00Z,15.03,13.00,19.57,21.00,18.20,16.02,6.35,2.00
2026-01-27T02:34:00Z,18.00,13.00,19.57,21.00,18.20,16.02,6.35,2.00
2026-01-27T02:39:00Z,11.00,13.00,19.57,21.00,18.20,16.02,6.35,2.00
2026-01-27T02:44:00Z,18.15,13.00,19.57,21.00,18.20,16.02,6.35,2.00
2026-01-27T02:51:00Z,14.58,13.00,19.57,21.00,18.20,16.02,6.35,2.00
2026-01-27T03:20:00Z,14.58,8.00,19.57,21.00,25.95,16.02,6.35,2.00
2026-01-27T03:25:00Z,21.63,8.00,19.57,21.00,25.95,16.02,6.35,2.00
2026-01-27T04:03:00Z,21.76,8.00,19.57,21.00,25.95,16.02,6.35,2.00
2026-01-27T04:30:00Z,16.67,8.00,19.57,21.00,25.95,16.02,6.35,2.00
2026-01-27T04:31:00Z,16.67,8.00,19.00,21.00,25.95,16.02,6.35,2.00
2026-01-27T05:36:00Z,18.84,8.00,19.00,30.00,25.95,16.02,6.35,2.00
2026-01-27T05:43:00Z,18.84,8.00,19.00,30.00,21.00,16.02,6.35,2.00
2026-01-27T06:36:00Z,20.00,8.00,19.00,30.00,21.00,16.02,6.35,2.00
2026-01-27T07:05:00Z,20.00,8.00,19.00,30.00,20.00,16.02,6.35,2.00
2026-01-27T07:11:00Z,20.43,8.00,19.00,30.00,20.00,16.02,6.35,2.00
2026-01-27T07:28:00Z,20.43,8.00,19.00,30.00,26.00,16.02,6.35,2.00
2026-01-27T07:38:00Z,20.73,8.00,19.00,30.00,26.00,16.02,6.35,2.00
2026-01-27T08:20:00Z,20.73,8.00,19.00,30.00,26.07,16.02,6.35,2.00
2026-01-27T11:50:00Z,20.73,14.00,19.00,30.00,26.07,16.02,6.35,2.00
2026-01-27T11:52:00Z,20.73,14.00,19.00,30.00,24.00,16.02,6.35,2.00
2026-01-27T11:53:00Z,21.00,14.00,19.00,30.00,24.00,16.02,6.35,2.00
2026-01-27T13:18:00Z,21.00,14.00,19.00,30.00,28.68,16.02,6.35,2.00
2026-01-27T13:19:00Z,17.00,9.00,13.00,30.66,24.00,11.00,5.00,2.00
2026-01-27T13:22:00Z,17.00,9.00,13.00,30.66,24.00,11.00,5.00,4.00
2026-01-27T13:25:00Z,19.00,9.00,15.00,25.25,23.00,11.00,5.00,1.25
2026-01-27T13:46:00Z,17.00,8.40,17.06,31.00,24.00,11.00,2.00,1.20
2026-01-27T14:19:00Z,18.00,10.00,17.00,30.00,23.00,11.00,2.00,1.33
2026-01-27T14:44:00Z,21.78,10.00,17.00,30.00,23.00,11.00,2.00,1.33
2026-01-27T14:59:00Z,21.78,11.78,24.47,30.00,23.00,11.00,2.00,1.33
2026-01-27T15:15:00Z,21.78,11.78,24.47,30.00,23.00,11.00,2.00,1.33
2026-01-27T15:42:00Z,21.78,11.78,24.47,30.00,23.00,11.00,2.00,1.33
2026-01-27T15:43:00Z,18.50,10.00,17.00,28.00,23.00,11.00,2.00,2.00
2026-01-27T15:44:00Z,19.00,10.00,17.00,27.00,23.00,11.00,2.00,2.00
2026-01-27T15:49:00Z,19.00,10.00,17.00,24.07,23.00,11.00,2.00,2.00
2026-01-27T16:07:00Z,19.00,10.00,17.00,24.07,23.00,11.00,2.00,2.00
2026-01-27T16:10:00Z,19.00,11.00,17.00,24.07,23.00,11.00,2.00,2.00
2026-01-27T16:29:00Z,20.00,11.00,17.00,24.07,23.00,11.00,2.00,2.00
2026-01-27T16:33:00Z,20.00,11.00,17.00,24.07,23.00,11.00,2.00,2.00
2026-01-27T16:36:00Z,20.97,11.00,17.00,24.07,23.00,11.00,2.00,2.00
2026-01-27T16:37:00Z,20.97,11.86,17.00,26.00,23.00,11.00,2.00,2.00
2026-01-27T16:41:00Z,20.97,12.75,23.42,26.00,20.00,11.00,2.00,2.00
2026-01-27T16:42:00Z,20.97,12.75,23.42,25.02,20.00,11.00,2.00,2.00
2026-01-27T16:43:00Z,21.00,12.75,23.42,25.02,20.00,11.00,2.00,2.00
2026-01-27T16:47:00Z,21.00,12.75,23.42,25.02,20.00,11.00,2.00,2.00
2026-01-27T16:50:00Z,21.00,12.75,23.42,25.02,17.00,11.00,2.00,2.00
2026-01-27T16:53:00Z,21.00,12.75,23.42,26.95,17.00,11.00,2.00,2.00
2026-01-27T16:54:00Z,21.00,12.75,23.42,29.00,17.00,11.00,2.00,2.00
2026-01-27T16:59:00Z,19.00,12.75,23.42,29.00,17.00,11.00,2.00,2.00
2026-01-27T17:11:00Z,19.00,12.75,23.42,29.00,17.00,11.00,2.00,2.00
2026-01-27T17:16:00Z,19.00,12.75,23.42,29.00,17.00,11.00,3.00,2.00
2026-01-27T17:17:00Z,19.00,12.75,23.42,29.00,17.00,10.00,3.00,2.00
2026-01-27T17:19:00Z,19.00,12.75,23.42,29.00,18.00,10.00,3.00,2.00
2026-01-27T17:20:00Z,19.00,12.75,23.42,29.00,18.00,10.00,3.00,2.00
2026-01-27T17:32:00Z,19.00,12.75,23.42,28.35,18.00,10.00,3.00,2.00
2026-01-27T17:39:00Z,19.00,12.75,17.00,28.35,18.00,10.00,3.00,2.00
2026-01-27T17:41:00Z,19.52,12.75,17.00,28.35,18.00,10.00,3.00,2.00
2026-01-27T17:49:00Z,19.52,12.75,16.00,29.67,19.16,10.00,3.00,2.00
2026-01-27T17:50:00Z,19.52,18.55,18.94,29.67,19.16,10.00,3.00,2.00
2026-01-27T17:52:00Z,19.52,18.55,18.94,29.67,16.00,10.00,3.00,2.00
2026-01-27T17:55:00Z,19.80,18.55,18.94,29.67,16.00,10.00,3.00,2.00
2026-01-27T17:56:00Z,18.00,16.00,22.00,26.00,14.28,9.00,3.00,2.00
2026-01-27T17:58:00Z,18.00,16.00,22.00,25.00,14.28,9.00,3.00,2.00
2026-01-27T18:00:00Z,18.00,16.00,22.00,25.00,14.28,9.00,3.00,2.00
2026-01-27T18:09:00Z,18.00,16.00,22.00,24.00,14.28,9.00,3.00,2.00
2026-01-27T18:23:00Z,17.00,19.47,23.00,24.00,14.00,8.00,3.00,2.00
2026-01-27T18:24:00Z,17.00,19.47,28.95,24.00,14.00,8.00,3.00,2.00
2026-01-27T18:25:00Z,17.00,18.00,28.95,24.00,14.00,8.00,3.00,2.00
2026-01-27T18:26:00Z,17.00,18.00,28.95,24.00,14.00,8.00,3.00,2.00
2026-01-27T18:28:00Z,18.00,18.00,28.95,24.00,14.00,8.00,3.00,2.00
2026-01-27T18:29:00Z,18.00,18.00,28.95,24.00,16.92,8.00,3.00,2.00
2026-01-27T18:38:00Z,18.00,18.00,28.95,24.00,16.92,8.00,3.00,3.47
2026-01-27T18:39:00Z,18.00,20.00,28.95,24.00,16.92,8.00,3.00,3.47
2026-01-27T18:42:00Z,18.00,20.00,28.95,24.00,16.92,8.00,3.54,3.47
2026-01-27T18:58:00Z,18.00,20.00,28.95,24.00,16.92,8.00,3.54,3.47
2026-01-27T19:07:00Z,18.00,20.00,28.95,24.00,16.92,8.00,3.54,3.47
2026-01-27T19:12:00Z,18.00,21.00,28.95,24.00,16.92,8.00,3.54,3.47
2026-01-27T19:13:00Z,18.88,21.00,28.95,24.00,16.92,8.00,3.54,3.47
2026-01-27T19:15:00Z,18.88,21.00,28.95,24.00,16.92,8.00,3.54,3.47
2026-01-27T19:17:00Z,18.88,21.00,28.95,24.00,16.92,8.00,3.54,3.47
2026-01-27T19:19:00Z,18.88,21.00,28.95,24.00,16.92,8.00,3.54,3.47
2026-01-27T19:21:00Z,18.88,21.00,28.95,24.00,16.92,8.00,3.54,3.47
2026-01-27T19:30:00Z,22.00,21.00,28.95,24.00,16.92,8.00,3.54,4.00
2026-01-27T19:37:00Z,22.00,21.00,21.77,24.00,16.92,8.00,3.54,4.00
2026-01-27T19:38:00Z,22.00,21.00,21.77,24.00,16.92,8.00,3.54,4.00
2026-01-27T19:52:00Z,22.00,21.00,21.77,24.00,16.92,8.00,3.54,4.00
2026-01-27T20:01:00Z,20.94,21.00,21.77,24.00,16.92,8.00,3.54,4.00
2026-01-27T20:03:00Z,23.00,21.00,21.77,24.00,16.92,8.00,3.54,4.00
2026-01-27T20:09:00Z,22.75,21.00,21.77,24.00,16.92,8.00,3.54,4.00
2026-01-27T20:10:00Z,22.75,21.00,21.77,24.00,13.00,8.00,3.54,4.00
2026-01-27T20:26:00Z,23.97,21.00,21.77,24.00,13.00,8.00,3.54,4.00
2026-01-27T20:30:00Z,23.97,17.00,21.77,24.00,13.00,8.00,3.54,4.00
2026-01-27T20:45:00Z,24.35,16.00,21.00,23.00,13.17,7.00,2.00,1.32
2026-01-27T20:48:00Z,26.42,16.00,21.00,23.00,13.17,7.00,2.00,1.32
2026-01-27T21:10:00Z,27.00,16.00,21.00,23.00,13.17,7.00,2.00,1.32
2026-01-27T21:24:00Z,27.00,16.00,22.00,23.00,16.00,7.00,2.00,1.32
2026-01-27T21:25:00Z,26.00,15.10,21.78,20.00,15.00,7.00,2.00,1.66
2026-01-27T21:26:00Z,26.00,15.00,21.80,20.00,14.86,7.00,2.00,2.00
2026-01-27T21:27:00Z,26.00,15.00,21.80,20.00,14.86,7.00,2.00,2.00
2026-01-27T21:28:00Z,27.00,15.00,21.80,20.00,14.86,7.00,2.00,2.00
2026-01-27T21:30:00Z,26.00,15.00,21.80,20.00,14.86,7.00,2.00,2.00
2026-01-27T21:59:00Z,26.00,15.00,21.80,20.00,14.86,7.00,2.00,2.00
2026-01-27T22:02:00Z,27.23,15.00,21.80,20.00,14.86,7.00,2.00,2.00
2026-01-27T22:13:00Z,29.00,15.00,21.80,20.00,14.86,7.00,2.00,2.00
2026-01-27T22:20:00Z,30.09,15.00,21.00,20.00,14.86,7.00,2.00,2.00
2026-01-27T22:25:00Z,30.09,20.00,21.00,20.00,14.86,7.00,2.00,2.00
2026-01-27T22:27:00Z,30.09,20.00,21.00,20.00,16.90,7.00,2.00,2.00
2026-01-27T22:29:00Z,19.44,20.00,21.00,20.00,16.90,7.00,2.00,2.00
2026-01-27T22:31:00Z,19.44,15.47,21.00,24.16,16.90,7.00,2.00,2.00
2026-01-27T22:32:00Z,19.44,15.47,21.00,24.16,18.32,7.00,2.00,2.00
2026-01-27T22:33:00Z,19.44,15.47,21.00,24.16,18.32,7.00,2.00,2.00
2026-01-27T22:36:00Z,23.00,15.47,21.00,24.16,18.32,7.00,2.00,2.00
2026-01-27T22:51:00Z,23.00,15.47,21.00,24.16,18.32,7.00,2.65,2.00
2026-01-27T22:52:00Z,23.00,19.00,21.00,24.16,18.32,7.00,2.65,2.00
2026-01-27T22:53:00Z,23.37,19.00,21.00,24.16,18.32,7.00,2.65,2.00
2026-01-27T23:05:00Z,18.00,19.00,21.00,24.16,18.32,7.00,2.65,2.00
2026-01-27T23:14:00Z,20.00,19.00,21.00,24.16,18.32,7.00,2.65,2.00
2026-01-27T23:19:00Z,20.00,19.00,21.00,24.16,18.32,7.00,2.65,2.00
2026-01-27T23:22:00Z,20.00,19.00,21.00,24.00,18.32,7.00,2.65,2.00
2026-01-27T23:34:00Z,23.00,19.00,21.00,24.00,18.32,7.00,2.65,2.00
2026-01-27T23:49:00Z,23.00,17.62,21.00,24.00,18.32,7.00,2.65,2.00
2026-01-28T00:24:00Z,23.00,16.00,21.00,24.00,18.32,7.00,2.65,2.00
2026-01-28T00:38:00Z,16.34,16.00,21.00,24.00,18.32,7.00,2.65,2.00
2026-01-28T00:39:00Z,16.34,15.00,21.00,24.00,18.32,7.00,2.65,2.00
2026-01-28T00:45:00Z,16.34,15.00,21.00,24.00,18.32,7.00,2.65,2.00
2026-01-28T00:51:00Z,16.34,15.00,21.00,24.00,18.32,3.00,2.65,2.00
2026-01-28T00:52:00Z,16.34,15.00,21.00,24.00,18.32,3.00,2.65,2.00
2026-01-28T01:07:00Z,16.34,15.00,23.00,24.00,18.32,3.00,2.65,2.00
2026-01-28T01:18:00Z,21.00,15.00,23.00,24.00,18.32,3.00,2.65,2.00
2026-01-28T01:24:00Z,21.00,15.00,23.00,24.00,18.32,3.00,2.65,2.00
2026-01-28T01:39:00Z,21.00,17.05,23.00,24.00,18.32,3.00,2.65,2.00
2026-01-28T01:52:00Z,21.00,19.00,27.00,24.00,18.32,3.00,2.65,2.00
2026-01-28T01:53:00Z,21.00,19.00,27.00,24.00,18.32,3.00,2.65,2.00
2026-01-28T02:00:00Z,21.86,19.00,27.00,24.00,18.32,3.00,2.65,2.00
2026-01-28T02:19:00Z,21.86,19.00,27.00,24.00,18.32,3.00,2.65,2.00
2026-01-28T02:30:00Z,22.00,19.00,27.00,24.00,18.32,3.00,2.65,2.00
2026-01-28T02:37:00Z,22.68,19.00,27.00,24.00,18.32,3.00,2.65,2.00
2026-01-28T02:41:00Z,23.00,19.00,27.00,24.00,18.32,3.00,2.65,2.00
2026-01-28T02:42:00Z,23.00,17.00,27.00,24.00,18.32,3.00,2.65,2.00
2026-01-28T02:43:00Z,23.00,17.00,27.00,24.00,18.32,3.00,2.65,2.00
2026-01-28T02:59:00Z,23.00,17.00,27.00,21.00,18.32,3.00,2.00,2.00
2026-01-28T03:04:00Z,23.00,17.00,27.00,21.00,18.32,3.00,2.00,2.00
2026-01-28T03:25:00Z,20.76,17.00,27.00,21.00,18.32,3.00,2.00,2.00
2026-01-28T03:31:00Z,20.76,17.00,27.00,21.00,18.32,3.47,2.00,2.00
2026-01-28T03:32:00Z,23.00,17.00,27.00,21.00,18.32,3.47,2.00,2.00
2026-01-28T03:59:00Z,22.95,17.00,27.00,21.00,18.32,3.47,2.00,2.00
2026-01-28T04:10:00Z,23.00,17.00,27.00,21.00,18.32,3.47,2.00,2.00
2026-01-28T04:22:00Z,23.00,17.00,27.26,21.00,18.32,3.47,2.00,2.00
2026-01-28T04:23:00Z,23.00,17.00,28.00,21.00,18.32,3.47,2.00,2.00
2026-01-28T04:27:00Z,23.45,17.00,28.00,21.00,18.32,3.47,2.00,2.00
2026-01-28T04:33:00Z,23.00,17.00,28.00,21.00,18.32,3.47,2.00,2.00
2026-01-28T04:39:00Z,23.00,17.00,28.00,21.00,18.32,3.47,2.00,2.00
2026-01-28T04:44:00Z,23.00,17.00,28.00,21.00,18.32,3.47,2.00,3.67
2026-01-28T04:46:00Z,23.00,17.00,28.00,21.00,18.32,3.47,2.00,3.67
2026-01-28T04:50:00Z,23.00,17.00,27.00,21.00,18.32,3.47,2.00,3.67
2026-01-28T05:11:00Z,23.00,17.00,27.00,21.00,18.32,3.47,2.00,3.67
2026-01-28T05:16:00Z,21.13,17.00,27.00,21.00,18.32,3.47,2.00,3.67
2026-01-28T05:17:00Z,21.13,17.00,27.23,21.00,18.32,3.47,2.00,3.67
2026-01-28T05:19:00Z,21.13,17.00,27.23,21.00,18.32,3.00,2.00,3.67
2026-01-28T05:21:00Z,21.13,17.00,27.23,21.00,18.32,3.00,2.00,2.73
2026-01-28T05:32:00Z,21.13,17.00,27.23,24.79,16.00,3.00,2.00,2.73
2026-01-28T05:34:00Z,21.13,19.00,26.00,24.79,16.00,3.00,2.00,2.73
2026-01-28T05:41:00Z,22.00,19.00,26.00,24.79,16.00,3.00,2.00,2.73
2026-01-28T05:53:00Z,23.36,19.00,26.00,24.79,15.00,3.00,2.00,2.73
2026-01-28T06:10:00Z,28.00,19.00,26.00,24.79,15.00,3.00,2.00,2.73
2026-01-28T06:47:00Z,28.70,19.00,26.00,24.79,15.00,3.00,2.00,2.73
2026-01-28T07:12:00Z,29.12,17.00,23.00,21.00,14.00,2.00,1.00,1.00
2026-01-28T07:13:00Z,29.12,17.00,23.00,21.00,14.00,2.00,1.00,1.00
2026-01-28T07:15:00Z,29.12,17.00,24.00,21.00,14.00,2.00,1.00,1.00
2026-01-28T07:33:00Z,29.12,17.00,24.00,21.00,14.00,2.00,1.00,1.00
2026-01-28T07:45:00Z,29.06,15.00,23.00,22.00,13.00,2.00,1.00,1.00
2026-01-28T08:10:00Z,30.93,15.00,23.00,22.00,13.00,2.00,1.00,1.00
2026-01-28T08:11:00Z,31.00,15.00,23.00,21.00,13.00,2.00,1.00,1.00
2026-01-28T08:12:00Z,31.00,15.00,23.00,21.00,13.00,2.00,1.00,1.00
2026-01-28T08:21:00Z,31.00,15.00,23.00,21.00,13.00,2.00,1.00,1.00
2026-01-28T08:23:00Z,31.00,17.00,24.00,21.00,13.00,2.00,1.00,1.00
2026-01-28T08:34:00Z,31.00,17.00,24.00,21.00,13.00,2.00,1.00,1.00
2026-01-28T08:51:00Z,31.00,17.00,24.00,21.00,13.00,2.00,1.00,1.00
2026-01-28T09:06:00Z,31.00,17.00,24.00,24.00,13.00,2.00,1.00,1.00
2026-01-28T09:46:00Z,22.97,17.00,24.00,24.00,13.00,2.00,1.00,1.00
2026-01-28T10:25:00Z,22.97,17.00,21.80,24.00,13.00,2.00,1.00,1.00
2026-01-28T10:27:00Z,22.97,17.00,21.80,27.20,13.00,2.00,1.00,1.00
2026-01-28T10:28:00Z,22.97,17.00,23.91,27.20,13.00,2.00,1.00,1.00
2026-01-28T10:31:00Z,22.97,18.00,23.91,27.20,13.00,2.00,1.00,1.00
2026-01-28T10:56:00Z,28.90,18.00,23.91,27.20,13.00,2.00,1.00,1.00
2026-01-28T11:23:00Z,29.84,15.00,22.00,24.00,13.00,2.00,1.00,1.00
2026-01-28T11:25:00Z,29.84,15.00,22.00,24.00,13.00,2.00,1.00,1.00
2026-01-28T12:05:00Z,29.84,15.00,22.00,23.00,13.00,2.00,1.00,1.00
2026-01-28T12:24:00Z,24.53,15.00,22.00,23.00,13.00,2.00,1.00,1.00
2026-01-28T13:17:00Z,26.26,15.00,22.00,23.00,13.00,2.00,1.00,1.00
2026-01-28T13:34:00Z,26.26,15.00,23.96,23.00,13.00,2.00,1.00,1.00
2026-01-28T13:38:00Z,28.40,15.00,23.96,23.00,13.00,2.00,1.00,1.00
2026-01-28T14:00:00Z,29.00,15.00,23.96,23.00,13.00,2.00,1.00,1.00
2026-01-28T14:11:00Z,29.00,15.00,23.96,23.00,13.00,2.00,1.00,1.00
2026-01-28T14:22:00Z,24.32,15.00,23.96,23.00,13.00,2.00,1.00,1.00
2026-01-28T14:27:00Z,24.32,15.00,23.96,23.00,13.00,2.00,2.00,2.00
2026-01-28T14:28:00Z,24.32,15.00,23.96,23.00,13.00,3.00,2.00,2.00
2026-01-28T14:33:00Z,20.75,15.00,23.96,23.00,13.00,3.00,2.00,2.00
2026-01-28T14:35:00Z,20.75,15.00,24.00,23.00,13.00,3.00,2.00,2.00
2026-01-28T14:36:00Z,20.75,15.00,24.00,30.00,14.00,3.00,2.00,2.00
2026-01-28T14:37:00Z,20.75,15.00,24.00,30.00,14.00,3.00,2.00,2.00
2026-01-28T14:38:00Z,20.75,15.00,24.00,30.00,14.00,3.00,2.00,2.00
2026-01-28T14:39:00Z,20.75,15.00,24.00,30.00,17.00,3.00,2.00,2.00
2026-01-28T14:42:00Z,20.75,15.00,24.00,30.00,17.00,4.00,2.00,2.00
2026-01-28T14:43:00Z,18.07,10.04,24.00,30.00,17.00,4.00,2.00,2.00
2026-01-28T14:55:00Z,15.33,10.04,24.00,30.00,17.00,4.00,2.00,2.00
2026-01-28T15:00:00Z,15.33,10.04,24.00,30.00,17.00,4.00,2.00,2.00
2026-01-28T15:01:00Z,17.10,10.04,24.00,30.00,17.00,4.00,2.00,2.00
2026-01-28T15:11:00Z,17.10,10.04,24.00,31.00,17.00,4.00,2.00,2.00
2026-01-28T15:32:00Z,15.44,10.04,24.00,31.00,17.00,4.00,2.00,2.00
2026-01-28T15:33:00Z,15.44,9.20,24.00,31.00,17.00,4.00,2.00,2.00
2026-01-28T16:21:00Z,19.00,9.20,24.00,31.00,17.00,4.00,2.00,2.00
2026-01-28T16:49:00Z,19.00,9.20,24.00,31.00,17.00,4.00,2.00,2.00
2026-01-28T17:19:00Z,16.00,5.00,24.00,31.00,17.00,4.00,2.00,2.00
2026-01-28T17:20:00Z,16.00,5.00,24.00,31.00,17.00,4.00,2.00,2.00
2026-01-28T17:32:00Z,15.00,5.00,24.00,31.00,17.00,4.00,2.00,2.00
2026-01-28T17:33:00Z,12.29,5.00,24.00,31.00,17.00,4.00,2.00,2.00
2026-01-28T17:40:00Z,9.81,5.00,24.00,31.00,17.00,4.00,2.00,2.00
2026-01-28T17:42:00Z,9.81,6.00,24.00,31.00,17.00,4.00,2.00,2.00
2026-01-28T17:43:00Z,9.81,6.00,24.00,31.00,17.00,4.00,2.00,2.00
2026-01-28T17:44:00Z,9.81,6.00,24.00,31.00,17.00,4.00,2.00,1.00
2026-01-28T17:57:00Z,9.26,5.13,24.00,48.00,15.03,4.00,2.00,1.00
2026-01-28T17:59:00Z,12.34,5.13,24.00,48.00,15.03,4.00,2.00,1.00
2026-01-28T18:05:00Z,8.69,5.13,24.00,48.00,15.03,4.00,2.00,1.00
2026-01-28T18:52:00Z,6.00,5.13,24.00,48.00,15.03,4.00,2.00,1.00
2026-01-28T18:53:00Z,6.00,5.13,24.00,48.00,15.03,4.00,2.00,1.00
2026-01-28T19:09:00Z,6.00,5.13,24.50,48.00,17.00,4.00,2.00,1.00
2026-01-28T19:10:00Z,6.00,5.13,24.50,48.00,15.00,4.00,2.00,1.00
2026-01-28T19:11:00Z,8.00,5.13,25.00,48.00,15.00,4.00,2.00,1.00
2026-01-28T19:18:00Z,8.00,5.13,25.00,48.00,15.00,4.00,2.00,1.00
2026-01-28T19:28:00Z,6.00,6.00,25.11,52.00,15.00,3.00,2.00,1.00
2026-01-28T19:29:00Z,6.00,6.00,29.00,52.00,18.00,3.00,2.00,1.00
2026-01-28T19:57:00Z,10.00,6.00,29.00,52.00,18.00,3.00,2.00,1.00
2026-01-28T20:03:00Z,9.95,6.00,29.00,52.00,18.00,3.00,2.00,1.00
2026-01-28T20:20:00Z,8.00,6.00,29.00,52.00,18.00,3.00,2.00,1.00
2026-01-28T20:36:00Z,8.36,6.00,29.00,52.00,18.00,3.00,2.00,1.00
2026-01-28T20:40:00Z,8.36,6.00,29.00,52.00,18.00,5.97,2.00,1.00
2026-01-28T21:13:00Z,8.36,6.00,27.00,52.00,18.00,5.97,2.00,1.00
2026-01-28T21:21:00Z,10.81,6.00,27.00,52.00,18.00,5.97,2.00,1.00
2026-01-28T21:47:00Z,9.79,6.00,27.00,52.00,18.00,5.97,2.00,1.00
2026-01-28T22:03:00Z,9.79,6.00,27.00,52.00,18.00,5.97,2.00,1.00
2026-01-28T22:17:00Z,9.79,6.00,27.00,47.00,18.00,5.97,2.00,1.00
2026-01-28T22:23:00Z,9.79,6.00,24.00,47.00,18.00,5.97,2.00,1.00
2026-01-28T22:28:00Z,9.79,6.00,24.00,47.45,18.00,5.97,2.00,1.00
2026-01-28T23:03:00Z,7.00,2.32,24.00,47.45,17.94,5.97,2.00,1.00
2026-01-28T23:07:00Z,7.00,2.32,24.00,47.45,19.00,5.97,2.00,1.00
2026-01-28T23:14:00Z,6.00,3.74,24.00,47.45,19.00,5.97,2.00,1.00
2026-01-28T23:15:00Z,6.00,2.04,22.00,47.45,19.00,5.97,2.00,1.00
2026-01-28T23:23:00Z,6.00,2.04,22.00,47.45,19.00,5.97,2.00,1.00
2026-01-28T23:48:00Z,6.00,2.04,22.88,47.45,19.00,5.97,2.00,1.00
2026-01-28T23:50:00Z,6.00,2.04,22.88,47.45,19.00,5.97,2.00,1.00
2026-01-28T23:58:00Z,5.09,2.04,22.88,47.45,19.00,5.97,2.00,1.00
2026-01-28T23:59:00Z,6.00,2.04,22.88,47.45,19.00,5.97,2.00,1.00
2026-01-29T00:00:00Z,6.00,2.04,22.88,47.45,19.00,5.97,2.00,1.00
2026-01-29T00:02:00Z,6.00,3.00,22.88,47.45,19.00,5.97,2.00,1.00
2026-01-29T00:03:00Z,4.00,3.00,22.00,47.45,19.00,5.97,2.00,1.00
2026-01-29T00:18:00Z,2.07,3.00,22.00,47.45,19.00,5.97,2.00,1.00
2026-01-29T00:19:00Z,2.07,2.00,22.00,47.45,19.00,5.97,2.00,1.00
2026-01-29T00:20:00Z,2.07,2.00,22.00,47.00,19.00,5.97,2.00,1.00
2026-01-29T00:27:00Z,2.07,2.00,23.00,47.00,19.00,5.97,2.00,1.00
2026-01-29T00:32:00Z,2.07,2.00,23.00,47.00,19.00,5.97,2.00,1.00
2026-01-29T00:44:00Z,2.07,2.00,23.00,46.52,27.77,5.97,2.00,1.00
2026-01-29T01:18:00Z,2.07,2.00,23.00,46.52,23.00,5.97,2.00,1.00
2026-01-29T01:41:00Z,2.07,3.00,23.00,46.52,23.00,5.97,2.00,1.00
2026-01-29T02:15:00Z,2.07,3.00,23.00,46.52,23.00,10.27,2.00,1.00
2026-01-29T02:16:00Z,2.07,3.00,23.00,46.52,30.50,10.27,2.82,1.00
2026-01-29T02:23:00Z,6.06,3.00,23.00,46.52,30.50,10.27,2.82,1.00
2026-01-29T02:24:00Z,6.06,3.00,23.00,46.60,30.50,10.27,2.82,1.00
2026-01-29T02:25:00Z,6.06,3.00,23.00,46.60,30.50,10.27,2.82,1.00
2026-01-29T02:53:00Z,6.06,3.00,23.00,46.60,23.56,10.27,2.82,1.00
2026-01-29T03:07:00Z,6.06,3.00,22.00,46.60,23.56,10.27,2.82,1.00
2026-01-29T03:25:00Z,6.06,3.00,22.00,46.60,23.56,10.27,2.82,1.00
2026-01-29T03:26:00Z,6.54,3.00,22.00,46.00,23.56,10.27,2.82,1.00
2026-01-29T03:31:00Z,13.18,3.00,22.00,46.00,23.56,10.27,2.82,1.00
2026-01-29T03:39:00Z,13.18,3.00,22.00,46.00,23.56,10.27,2.82,1.00
2026-01-29T03:50:00Z,13.18,3.00,22.00,49.14,23.56,10.27,2.82,1.00
2026-01-29T03:55:00Z,13.18,3.00,22.00,49.14,23.56,10.27,2.82,1.00
2026-01-29T03:57:00Z,13.18,3.00,20.33,41.00,23.56,10.27,2.82,1.00
2026-01-29T04:00:00Z,8.00,3.00,20.33,41.00,23.56,10.27,2.82,1.00
2026-01-29T04:01:00Z,8.00,3.00,20.33,41.00,23.56,10.27,2.00,1.00
2026-01-29T04:46:00Z,8.00,3.00,22.00,41.00,23.56,10.27,2.00,1.00
2026-01-29T04:51:00Z,7.00,3.00,22.00,41.00,23.56,10.27,2.00,1.00
2026-01-29T04:52:00Z,7.00,3.00,22.00,50.88,23.56,10.27,2.00,1.00
2026-01-29T04:55:00Z,7.00,3.00,20.00,50.88,23.56,10.27,2.00,1.00
2026-01-29T05:20:00Z,7.00,3.00,16.11,50.88,23.56,10.27,2.00,1.00
2026-01-29T05:29:00Z,7.00,3.00,16.11,50.88,23.56,10.27,2.00,1.00
2026-01-29T05:38:00Z,7.00,3.77,16.11,50.88,23.56,10.27,2.00,1.00
2026-01-29T05:41:00Z,7.00,3.77,16.11,50.88,23.56,3.24,2.00,1.00
2026-01-29T05:59:00Z,7.00,4.38,16.11,50.88,23.56,3.24,2.00,1.00
2026-01-29T06:06:00Z,7.00,4.38,16.11,50.88,25.09,3.24,2.00,1.00
2026-01-29T06:21:00Z,11.00,4.38,16.11,50.88,25.09,3.24,2.00,1.00
2026-01-29T06:26:00Z,8.50,4.38,16.11,50.88,25.09,3.24,2.00,1.00
2026-01-29T06:39:00Z,11.00,4.38,16.11,50.88,25.09,3.24,2.00,1.00
2026-01-29T06:42:00Z,11.00,4.38,16.11,49.55,25.09,3.24,2.00,1.00
2026-01-29T06:47:00Z,4.20,4.38,16.11,49.55,25.09,3.24,2.00,1.00
2026-01-29T06:50:00Z,4.20,4.38,21.61,49.55,25.09,3.24,2.00,1.00
2026-01-29T07:35:00Z,4.20,4.38,21.61,49.55,26.00,3.24,2.00,1.00
2026-01-29T07:59:00Z,7.03,4.38,21.61,50.00,26.80,3.24,2.00,1.00
2026-01-29T11:28:00Z,7.03,4.38,21.61,50.00,26.80,3.24,2.00,2.84
2026-01-29T11:31:00Z,7.03,4.38,21.61,50.00,22.00,3.24,2.00,2.84
2026-01-29T11:33:00Z,7.03,5.82,21.61,50.00,22.00,3.24,2.00,2.84
2026-01-29T11:53:00Z,8.00,5.82,21.61,50.00,22.00,3.24,2.00,2.84
2026-01-29T12:03:00Z,8.00,6.00,21.61,50.00,22.00,3.24,2.00,2.84
2026-01-29T12:04:00Z,8.00,6.00,21.61,50.00,32.14,3.24,2.00,2.84
2026-01-29T12:14:00Z,8.00,6.00,21.61,50.00,39.00,3.24,2.00,2.84
2026-01-29T12:23:00Z,8.00,6.00,12.70,50.00,39.00,3.24,2.00,2.84
2026-01-29T13:09:00Z,8.44,6.00,12.70,50.00,39.00,3.24,2.00,2.84
2026-01-29T13:22:00Z,3.00,5.00,18.00,45.20,33.00,3.00,1.00,2.00
2026-01-29T13:33:00Z,3.00,5.00,18.00,45.20,33.00,3.00,1.00,1.04
2026-01-29T13:35:00Z,3.00,5.00,10.16,45.20,33.00,3.00,1.00,1.04
2026-01-29T13:49:00Z,3.00,3.80,10.16,45.20,33.00,3.00,1.00,1.04
2026-01-29T13:55:00Z,2.52,3.80,10.16,45.20,33.00,3.00,1.00,1.04
2026-01-29T13:56:00Z,2.52,2.58,10.16,45.20,33.00,3.00,1.00,1.04
2026-01-29T14:02:00Z,2.00,2.58,10.16,45.20,33.00,3.00,1.00,1.04
2026-01-29T14:03:00Z,2.00,2.58,10.16,48.00,33.00,3.00,1.00,1.04
2026-01-29T14:04:00Z,2.00,2.58,10.16,50.00,33.00,3.00,1.00,1.04
2026-01-29T14:13:00Z,2.00,2.58,17.00,50.00,33.00,3.00,1.00,1.04
2026-01-29T15:36:00Z,2.00,2.58,17.00,50.00,33.00,3.00,2.00,1.04
2026-01-29T16:01:00Z,1.00,1.00,17.00,50.00,33.00,3.21,1.00,1.04
2026-01-29T16:02:00Z,1.00,1.00,17.00,50.00,33.00,3.21,1.00,1.04
2026-01-29T16:03:00Z,2.58,1.00,17.00,50.00,33.00,3.21,1.00,1.04
2026-01-29T16:04:00Z,2.00,1.00,17.00,50.00,33.00,3.21,1.00,1.04
2026-01-29T16:05:00Z,1.00,1.00,17.00,50.00,33.00,3.21,1.00,1.04
2026-01-29T16:06:00Z,2.94,1.00,17.00,50.00,33.00,3.21,1.00,1.04
2026-01-29T16:07:00Z,2.94,1.00,17.00,50.00,33.00,3.21,1.00,1.04
2026-01-29T16:08:00Z,2.94,1.00,17.00,50.00,33.00,3.21,1.00,1.04
2026-01-29T16:09:00Z,2.94,1.00,17.00,50.99,33.00,3.21,1.00,1.04
2026-01-29T16:10:00Z,2.94,1.00,17.00,50.99,33.00,3.21,1.00,1.04
2026-01-29T16:11:00Z,2.94,1.00,17.00,50.99,33.00,3.21,1.00,1.04
2026-01-29T16:12:00Z,2.94,1.00,17.00,50.99,33.00,3.21,1.00,1.04
2026-01-29T16:14:00Z,2.94,1.00,17.00,50.99,33.00,3.21,1.00,1.04
2026-01-29T16:15:00Z,2.94,1.00,17.00,55.60,33.00,3.21,1.00,1.04
2026-01-29T16:16:00Z,2.94,1.00,17.00,55.60,33.00,3.21,1.00,1.04
2026-01-29T16:18:00Z,2.94,1.00,17.00,55.60,33.00,3.21,1.00,1.04
2026-01-29T16:20:00Z,2.94,1.00,17.00,55.60,33.00,3.21,1.00,1.04
2026-01-29T16:22:00Z,2.94,1.00,17.00,55.60,33.00,3.21,1.00,1.04
2026-01-29T16:24:00Z,2.94,1.00,17.00,55.60,33.00,3.21,1.00,1.04
2026-01-29T16:35:00Z,3.00,1.00,17.00,55.60,33.00,3.21,1.00,1.04
2026-01-29T16:46:00Z,3.00,1.00,17.00,55.60,33.00,2.00,1.00,1.04
2026-01-29T16:47:00Z,3.00,1.00,17.00,55.60,33.00,2.00,1.00,1.04
2026-01-29T16:48:00Z,3.00,1.00,17.00,55.60,33.00,2.00,1.00,1.04
2026-01-29T16:49:00Z,2.00,1.00,10.68,57.00,32.27,1.36,1.00,1.04
2026-01-29T16:50:00Z,2.00,1.00,10.68,57.00,32.27,3.00,1.00,1.04
2026-01-29T16:52:00Z,2.00,1.00,10.68,57.00,31.00,3.00,1.00,1.04
2026-01-29T16:54:00Z,2.00,1.00,10.68,57.00,31.00,3.00,1.00,1.04
2026-01-29T16:55:00Z,2.00,1.00,11.00,57.00,31.00,3.00,1.00,1.04
2026-01-29T16:56:00Z,2.00,1.00,11.00,57.00,31.00,2.00,1.00,1.04
2026-01-29T16:58:00Z,2.00,1.00,11.00,57.00,31.00,2.00,1.00,1.04
2026-01-29T17:00:00Z,2.00,1.00,11.00,57.00,31.00,2.00,1.00,1.04
2026-01-29T17:01:00Z,2.00,1.00,11.00,57.00,31.00,1.00,1.00,1.04
2026-01-29T17:02:00Z,2.00,1.00,11.00,57.00,31.00,2.00,1.00,1.04
2026-01-29T17:04:00Z,2.00,1.00,11.00,57.00,31.00,2.00,1.00,1.04
2026-01-29T17:07:00Z,2.00,1.00,11.00,57.00,31.00,2.00,1.00,1.04
2026-01-29T17:09:00Z,2.00,1.00,11.00,57.00,31.00,2.00,1.00,1.04
2026-01-29T17:12:00Z,2.00,1.00,11.00,57.00,31.00,1.00,1.00,1.04
2026-01-29T17:16:00Z,2.00,1.00,11.00,57.00,31.00,1.00,1.00,1.04
2026-01-29T17:20:00Z,2.00,1.00,11.00,57.00,31.00,1.00,1.00,2.38
2026-01-29T17:50:00Z,2.00,2.00,11.00,57.00,31.00,1.00,1.00,2.38
2026-01-29T18:06:00Z,2.00,2.00,12.00,57.00,31.00,1.00,1.00,2.38
2026-01-29T18:08:00Z,1.00,2.00,12.00,57.00,31.00,1.00,1.00,2.38
2026-01-29T18:13:00Z,2.83,2.00,12.00,57.00,31.00,1.00,1.00,2.38
2026-01-29T18:14:00Z,2.83,2.00,13.96,57.00,31.00,1.00,1.00,2.38
2026-01-29T18:15:00Z,2.00,2.00,13.96,57.00,31.00,1.00,1.00,2.38
2026-01-29T18:30:00Z,2.00,2.00,13.96,57.00,31.00,1.00,1.00,2.38
2026-01-29T19:02:00Z,2.00,1.00,13.96,57.00,31.00,1.00,1.00,2.38
2026-01-29T19:03:00Z,2.00,1.00,14.52,57.00,31.00,1.00,1.00,2.38
2026-01-29T19:04:00Z,2.00,2.14,14.52,57.00,31.00,1.00,1.00,2.38
2026-01-29T19:05:00Z,2.00,2.14,14.52,57.00,21.96,1.00,1.00,2.38
2026-01-29T19:09:00Z,2.23,2.14,14.52,57.00,21.96,1.00,1.00,2.38
2026-01-29T19:11:00Z,2.23,2.14,14.52,57.00,21.96,1.00,1.00,2.38
2026-01-29T19:12:00Z,2.23,2.14,14.52,57.00,21.96,3.93,1.00,2.38
2026-01-29T19:15:00Z,2.23,2.14,14.52,57.00,24.73,2.00,1.00,2.38
2026-01-29T19:28:00Z,2.23,2.14,14.52,57.00,24.73,2.00,1.00,2.38
2026-01-29T19:29:00Z,2.23,3.00,14.00,57.00,26.24,2.00,1.00,2.38
2026-01-29T19:30:00Z,2.23,3.00,13.00,57.00,26.24,2.00,1.00,2.38
2026-01-29T19:31:00Z,2.23,3.00,14.00,57.00,30.00,2.00,1.00,2.38
2026-01-29T19:32:00Z,2.23,3.00,14.00,57.00,30.00,2.00,1.00,2.38
2026-01-29T19:44:00Z,2.23,3.00,14.00,57.00,27.52,2.00,1.00,2.38
2026-01-29T19:49:00Z,2.23,3.00,14.00,57.00,27.52,2.00,1.00,1.36
2026-01-29T20:01:00Z,2.23,3.00,14.00,57.00,27.52,3.73,1.00,1.36
2026-01-29T20:02:00Z,2.23,3.00,14.00,57.00,27.52,5.85,1.00,1.36
2026-01-29T20:06:00Z,2.23,3.00,19.00,57.00,27.52,5.85,1.00,1.36
2026-01-29T20:22:00Z,3.00,3.00,19.00,57.00,27.52,5.85,1.00,1.36
2026-01-29T20:23:00Z,3.00,3.00,19.00,57.00,27.52,6.00,1.00,1.36
2026-01-29T20:24:00Z,3.00,3.00,19.00,57.00,27.52,6.00,1.00,1.36
2026-01-29T20:26:00Z,3.00,3.00,19.00,57.00,27.52,6.00,1.00,2.30
2026-01-29T20:27:00Z,3.00,4.00,19.00,57.00,27.52,6.00,1.00,2.30
2026-01-29T20:30:00Z,3.00,4.51,19.00,57.00,27.52,6.00,1.00,2.30
2026-01-29T20:31:00Z,3.46,4.51,19.00,57.00,27.52,6.00,1.00,2.30
2026-01-29T20:39:00Z,3.46,4.51,19.00,57.00,27.52,10.50,1.00,2.30
2026-01-29T20:47:00Z,3.46,4.51,21.75,57.00,27.52,10.50,1.00,2.30
2026-01-29T20:50:00Z,3.46,4.51,21.75,58.00,27.52,10.50,1.00,2.30
2026-01-29T20:57:00Z,3.46,4.51,21.75,58.00,27.52,11.00,1.00,2.30
2026-01-29T21:00:00Z,3.46,4.51,21.75,58.00,27.52,11.00,1.00,2.42
2026-01-29T21:08:00Z,3.46,4.51,21.75,58.00,27.52,10.00,1.00,2.42
2026-01-29T21:10:00Z,4.00,4.51,21.75,58.00,27.52,10.00,1.00,2.42
2026-01-29T21:31:00Z,3.00,4.51,21.75,58.00,27.52,12.57,1.00,2.42
2026-01-29T21:40:00Z,3.00,4.51,24.81,58.00,27.52,12.57,1.00,2.42
2026-01-29T21:42:00Z,3.00,4.51,24.81,58.00,27.52,12.57,1.00,2.42
2026-01-29T22:08:00Z,2.00,4.51,24.81,58.00,27.52,12.57,1.00,2.42
2026-01-29T22:09:00Z,2.00,3.00,24.81,58.00,27.52,12.57,1.00,2.42
2026-01-29T22:10:00Z,2.00,3.00,24.81,60.28,27.52,12.57,1.00,2.42
2026-01-29T22:11:00Z,1.00,3.00,24.81,60.28,27.52,12.57,1.00,2.42
2026-01-29T22:13:00Z,1.00,3.00,29.43,60.28,27.52,12.57,1.00,2.42
2026-01-29T22:14:00Z,2.00,3.00,29.43,60.28,27.52,12.57,1.00,2.42
2026-01-29T22:15:00Z,2.00,3.00,29.43,60.28,27.52,12.57,1.00,2.42
2026-01-29T22:25:00Z,2.00,2.00,18.00,67.30,18.83,2.00,1.00,2.42
2026-01-29T22:28:00Z,2.00,2.00,18.00,67.30,14.00,2.00,1.00,2.42
2026-01-29T22:35:00Z,2.00,2.00,23.00,62.00,14.00,2.00,1.00,2.42
2026-01-29T22:37:00Z,2.00,2.00,36.53,63.82,14.00,2.00,1.00,2.42
2026-01-29T22:43:00Z,2.00,2.00,36.53,63.82,6.00,2.00,1.00,2.42
2026-01-29T22:54:00Z,2.00,2.00,36.53,65.00,6.00,2.00,1.00,2.42
2026-01-29T23:01:00Z,2.00,2.00,36.53,65.00,6.00,2.00,1.00,2.42
2026-01-29T23:04:00Z,2.00,2.00,36.53,65.00,6.00,2.00,1.00,2.42
2026-01-29T23:07:00Z,2.00,2.00,36.53,56.00,6.00,2.00,1.00,2.42
2026-01-29T23:13:00Z,2.00,2.00,36.53,56.00,6.00,2.00,1.00,2.42
2026-01-29T23:22:00Z,2.00,2.00,40.00,56.00,6.00,2.00,1.00,2.42
2026-01-29T23:25:00Z,2.00,2.00,40.00,56.00,8.00,3.00,1.00,2.42
2026-01-29T23:27:00Z,2.00,2.00,40.00,60.00,8.00,3.00,1.00,2.42
2026-01-29T23:32:00Z,2.00,2.00,40.00,60.00,8.00,3.00,1.00,2.42
2026-01-29T23:36:00Z,2.00,2.00,40.00,60.00,8.00,3.00,1.00,2.42
2026-01-29T23:48:00Z,2.00,2.00,40.00,60.00,8.00,3.00,1.00,2.42
2026-01-29T23:49:00Z,2.00,2.00,40.00,60.00,6.00,3.00,1.00,2.42
2026-01-29T23:56:00Z,2.04,2.00,40.00,60.00,6.00,3.00,1.00,2.42
2026-01-30T00:01:00Z,2.04,2.00,21.00,60.00,6.00,3.00,1.00,2.42
2026-01-30T00:04:00Z,2.04,2.00,21.00,70.00,6.00,3.00,1.00,2.42
2026-01-30T00:05:00Z,2.04,2.00,30.00,70.00,6.00,3.00,1.00,2.42
2026-01-30T00:08:00Z,2.04,3.00,31.00,70.00,6.00,3.00,1.00,2.42
2026-01-30T00:10:00Z,2.04,3.07,31.00,70.00,6.00,3.00,1.00,2.42
2026-01-30T00:14:00Z,2.04,3.07,31.00,70.00,6.00,3.00,1.00,2.42
2026-01-30T00:18:00Z,3.00,3.07,31.00,70.00,6.00,3.00,1.00,2.42
2026-01-30T00:19:00Z,3.00,3.07,31.00,65.00,6.00,3.00,1.00,2.42
2026-01-30T00:21:00Z,3.00,3.07,31.00,65.00,5.95,3.00,1.00,1.00
2026-01-30T00:22:00Z,3.00,3.07,23.16,64.04,5.95,3.00,1.00,1.00
2026-01-30T00:27:00Z,3.00,3.07,23.16,64.04,5.95,3.00,1.00,1.00
2026-01-30T00:39:00Z,3.00,3.07,35.80,64.04,5.95,3.00,1.00,1.00
2026-01-30T00:41:00Z,3.00,5.72,38.56,59.45,6.00,2.72,1.00,1.00
2026-01-30T00:42:00Z,3.27,4.00,25.00,69.71,6.00,3.00,1.00,1.00
2026-01-30T00:50:00Z,3.27,4.00,25.00,75.53,6.00,3.00,1.00,1.00
2026-01-30T00:57:00Z,3.27,3.00,42.52,67.00,4.00,2.00,1.00,1.00
2026-01-30T01:00:00Z,3.00,3.00,42.52,67.00,4.00,2.00,1.00,1.00
2026-01-30T01:01:00Z,3.00,3.00,42.52,67.00,6.00,2.00,1.00,1.00
2026-01-30T01:07:00Z,3.00,3.00,42.52,67.00,4.00,2.00,1.00,1.00
2026-01-30T01:10:00Z,3.00,3.00,42.52,67.00,4.00,2.00,1.00,1.00
2026-01-30T01:16:00Z,3.00,3.00,42.52,67.00,6.81,2.00,1.00,1.00
2026-01-30T01:24:00Z,3.00,2.75,19.00,77.35,3.25,2.00,1.00,1.00
2026-01-30T01:26:00Z,3.00,2.75,19.00,58.68,3.25,2.00,1.00,1.00
2026-01-30T01:35:00Z,3.00,2.75,19.00,58.68,3.25,2.00,1.00,1.00
2026-01-30T01:42:00Z,3.00,2.75,32.00,58.68,3.25,2.00,1.00,1.00
2026-01-30T01:53:00Z,3.00,2.75,32.00,60.00,3.25,2.00,1.00,1.00
2026-01-30T01:55:00Z,3.00,2.75,32.00,60.00,3.25,2.00,1.00,1.00
2026-01-30T01:56:00Z,3.00,3.00,32.00,60.00,3.25,2.00,1.00,1.00
2026-01-30T01:58:00Z,3.00,3.00,32.78,60.00,3.25,2.00,1.00,1.00
2026-01-30T02:00:00Z,3.00,3.00,32.78,60.00,3.25,2.00,1.24,1.00
2026-01-30T02:01:00Z,3.00,3.00,32.78,60.00,3.25,2.00,1.24,1.08
2026-01-30T02:02:00Z,3.00,2.03,32.78,60.00,3.25,2.00,1.24,1.08
2026-01-30T02:09:00Z,3.00,2.03,30.33,60.00,3.25,2.00,1.24,1.08
2026-01-30T02:17:00Z,3.00,5.00,30.33,60.00,3.25,2.00,1.24,1.08
2026-01-30T02:29:00Z,3.00,5.00,30.33,60.00,3.25,2.00,1.24,2.00
2026-01-30T02:30:00Z,3.00,4.73,30.33,60.00,3.25,2.00,1.63,2.00
2026-01-30T02:33:00Z,3.13,4.73,30.33,60.00,3.25,2.00,1.63,2.00
2026-01-30T02:38:00Z,4.00,4.73,30.33,60.00,3.25,2.00,1.63,2.00
2026-01-30T02:40:00Z,4.00,4.73,30.33,60.00,3.25,2.00,1.63,3.53
2026-01-30T02:43:00Z,4.00,4.73,30.33,60.00,3.25,2.00,1.63,17.03
2026-01-30T02:46:00Z,4.00,4.00,30.33,62.00,3.25,2.00,1.63,17.03
2026-01-30T02:48:00Z,4.00,4.00,30.33,62.00,3.25,10.23,1.63,17.03
2026-01-30T02:49:00Z,4.00,4.00,30.33,62.00,10.05,10.23,1.63,17.03
2026-01-30T02:51:00Z,4.00,4.00,37.04,62.00,10.05,10.23,1.63,17.03
2026-01-30T02:53:00Z,3.00,4.00,37.04,62.00,10.05,10.23,1.63,17.03
2026-01-30T02:54:00Z,3.00,4.00,37.04,62.00,10.05,10.23,1.63,2.00
2026-01-30T02:56:00Z,3.00,3.47,29.00,62.00,7.00,2.00,1.63,2.00
2026-01-30T02:57:00Z,3.89,3.47,29.00,62.00,7.00,2.00,1.63,2.00
2026-01-30T02:58:00Z,4.00,3.47,29.00,62.00,7.00,2.00,1.63,2.00
2026-01-30T03:04:00Z,4.00,3.00,29.00,62.00,7.00,2.00,1.63,2.00
2026-01-30T03:05:00Z,4.00,3.00,25.23,62.00,7.00,2.00,1.63,2.00
2026-01-30T03:10:00Z,4.00,3.00,25.23,62.00,7.00,2.00,1.63,2.00
2026-01-30T03:12:00Z,4.00,2.00,25.23,62.00,7.00,2.00,1.63,1.00
2026-01-30T03:14:00Z,4.00,3.44,25.23,62.00,7.00,2.00,1.63,1.00
2026-01-30T03:16:00Z,4.00,3.44,25.23,62.00,7.00,6.19,1.63,1.00
2026-01-30T03:17:00Z,3.00,3.44,25.23,62.00,7.00,6.19,1.63,1.00
2026-01-30T03:18:00Z,3.00,3.00,35.47,61.00,8.00,3.00,1.63,1.00
2026-01-30T03:23:00Z,3.00,2.04,37.00,60.00,8.00,2.00,1.63,1.00
2026-01-30T03:26:00Z,3.00,2.04,37.00,64.20,8.00,2.00,1.63,1.00
2026-01-30T03:29:00Z,3.00,2.04,37.00,60.20,8.00,2.00,1.63,1.00
2026-01-30T03:35:00Z,3.00,3.00,31.00,65.16,7.00,2.00,1.63,1.00
2026-01-30T03:38:00Z,3.00,2.14,41.13,58.00,6.85,2.00,1.63,1.00
2026-01-30T03:43:00Z,3.00,2.14,41.13,58.00,6.85,2.00,1.63,1.00
2026-01-30T03:56:00Z,3.00,2.14,41.13,58.00,6.85,2.00,1.63,1.00
2026-01-30T04:00:00Z,3.00,2.14,41.13,64.60,6.85,2.00,1.63,1.00
2026-01-30T04:04:00Z,3.00,2.14,41.13,64.60,6.85,2.00,1.63,1.00
2026-01-30T04:05:00Z,3.00,2.14,41.13,65.00,6.85,2.00,1.63,1.00
2026-01-30T04:09:00Z,3.00,2.14,41.13,65.00,6.85,2.00,1.63,1.00
2026-01-30T04:10:00Z,2.00,2.14,41.13,65.00,6.85,2.00,1.63,1.00
2026-01-30T04:11:00Z,2.00,2.00,29.00,64.80,6.00,2.00,1.63,1.00
2026-01-30T04:16:00Z,3.80,2.00,29.00,64.80,6.00,2.00,1.63,1.00
2026-01-30T04:17:00Z,4.00,2.00,29.00,64.80,6.00,2.00,1.63,1.00
2026-01-30T04:20:00Z,4.00,2.00,29.00,64.80,6.00,2.00,1.63,1.00
2026-01-30T04:24:00Z,4.00,2.00,29.00,64.80,6.00,2.00,1.63,1.00
2026-01-30T04:27:00Z,2.00,2.00,38.28,58.00,6.00,2.00,1.63,1.00
2026-01-30T04:29:00Z,1.23,3.04,40.00,57.14,6.00,2.00,1.63,1.00
2026-01-30T04:38:00Z,1.23,3.04,40.00,58.16,6.00,2.00,1.63,1.00
2026-01-30T04:39:00Z,2.00,2.00,41.08,58.00,5.00,2.00,1.63,1.00
2026-01-30T04:42:00Z,2.00,2.00,32.00,63.84,4.00,2.00,1.63,1.00
2026-01-30T04:43:00Z,2.00,2.00,41.73,58.00,4.00,2.00,1.63,1.00
2026-01-30T04:49:00Z,2.00,2.00,41.73,58.00,8.12,2.00,1.63,1.00
2026-01-30T04:53:00Z,4.37,2.00,41.73,58.00,8.12,2.00,1.63,1.00
2026-01-30T04:54:00Z,1.88,2.11,40.45,58.00,3.00,2.00,1.63,1.00
2026-01-30T05:01:00Z,1.88,4.35,40.45,58.00,3.00,2.00,1.63,1.00
2026-01-30T05:11:00Z,1.88,4.35,40.45,65.00,3.00,2.00,1.63,1.00
2026-01-30T05:12:00Z,1.88,4.35,40.45,65.00,3.00,2.00,1.63,1.00
2026-01-30T05:15:00Z,1.88,4.35,40.45,65.00,3.00,2.00,1.63,1.00
2026-01-30T05:17:00Z,4.94,4.35,40.45,65.00,3.00,2.00,1.63,1.00
2026-01-30T05:27:00Z,2.00,4.35,40.45,65.00,3.00,2.00,1.63,1.00
2026-01-30T05:33:00Z,2.00,2.00,38.00,57.00,5.00,1.00,1.63,1.00
2026-01-30T05:39:00Z,2.00,2.00,38.00,64.00,5.00,1.00,1.63,1.00
2026-01-30T05:40:00Z,2.00,2.00,41.74,64.79,4.00,1.00,1.63,1.00
2026-01-30T05:46:00Z,2.00,3.25,39.00,58.00,4.00,1.00,1.63,1.00
2026-01-30T05:57:00Z,2.00,3.00,40.48,58.00,4.00,1.00,1.63,1.00
2026-01-30T06:01:00Z,2.00,6.00,40.48,58.00,4.00,1.00,1.63,1.00
2026-01-30T06:17:00Z,2.00,6.00,40.48,58.00,4.00,2.00,1.63,2.00
2026-01-30T06:27:00Z,2.00,3.00,30.60,68.33,4.00,2.00,1.63,2.00
2026-01-30T06:35:00Z,1.28,3.00,42.84,54.99,3.78,2.00,1.63,2.00
2026-01-30T06:38:00Z,1.28,3.00,51.00,54.99,3.78,2.00,1.63,2.00
2026-01-30T06:39:00Z,1.28,3.00,51.00,48.23,4.00,2.00,1.63,2.00
2026-01-30T06:40:00Z,1.15,2.57,51.64,44.00,4.00,1.10,1.63,2.00
2026-01-30T06:45:00Z,1.15,2.57,51.64,55.00,4.00,1.10,1.63,2.00
2026-01-30T06:56:00Z,1.22,2.38,51.90,45.61,3.88,1.05,1.63,2.00
2026-01-30T06:57:00Z,1.22,2.38,51.90,45.00,3.88,1.05,1.63,2.00
2026-01-30T07:08:00Z,1.22,2.38,53.84,45.00,3.88,1.05,1.63,2.00
2026-01-30T07:10:00Z,4.63,2.38,53.84,45.00,3.88,1.05,1.63,2.00
2026-01-30T07:11:00Z,4.63,2.38,53.84,45.00,4.00,1.05,1.63,2.00
2026-01-30T07:14:00Z,4.63,2.38,53.84,45.00,3.00,1.05,1.63,2.00
2026-01-30T07:15:00Z,4.63,2.38,53.84,45.00,3.00,1.05,1.63,2.00
2026-01-30T07:16:00Z,4.63,2.38,53.84,45.00,3.00,1.05,1.63,2.00
2026-01-30T07:17:00Z,4.63,2.38,53.84,45.00,2.00,1.05,1.63,2.00
2026-01-30T07:18:00Z,4.63,2.38,53.84,45.00,3.00,1.05,1.63,2.00
2026-01-30T07:20:00Z,4.63,2.38,53.84,47.00,2.00,1.05,1.63,2.00
2026-01-30T07:22:00Z,4.63,2.38,53.84,47.00,2.00,1.05,1.63,2.00
2026-01-30T07:23:00Z,4.63,2.38,53.84,47.00,4.18,1.05,1.63,2.00
2026-01-30T07:25:00Z,4.63,2.38,53.84,47.00,8.71,1.05,1.63,2.00
2026-01-30T08:09:00Z,4.63,2.38,53.84,47.00,6.88,1.05,1.63,2.00
2026-01-30T08:11:00Z,4.63,2.38,53.84,47.00,6.88,1.05,1.00,2.00
2026-01-30T08:13:00Z,5.00,2.38,53.84,47.00,6.88,1.05,1.00,2.00
2026-01-30T08:21:00Z,5.00,2.38,53.84,47.00,6.88,1.05,1.00,2.80
2026-01-30T08:53:00Z,5.00,4.79,53.84,47.00,6.88,1.05,1.00,2.80
2026-01-30T10:04:00Z,1.51,4.79,53.84,47.00,6.88,1.05,1.00,2.80
2026-01-30T10:28:00Z,5.00,4.79,53.84,47.00,6.88,1.05,1.00,2.80
2026-01-30T10:45:00Z,5.00,2.80,53.84,47.00,6.88,1.05,1.00,2.80
2026-01-30T12:11:00Z,5.00,2.80,53.84,53.06,6.88,1.05,1.00,2.80
2026-01-30T12:52:00Z,5.00,2.80,53.84,54.00,6.88,1.05,1.00,2.80
2026-01-30T12:59:00Z,5.00,2.80,53.84,54.00,6.88,1.05,1.00,2.80
2026-01-30T13:17:00Z,5.00,1.26,53.84,54.00,6.88,1.05,1.00,2.80
2026-01-30T13:18:00Z,5.00,1.26,53.84,54.00,8.00,1.05,1.00,2.80
2026-01-30T13:19:00Z,5.00,1.26,30.79,54.00,8.00,1.05,1.00,2.80
2026-01-30T13:20:00Z,5.00,1.26,30.79,56.38,8.00,1.05,1.00,2.80
2026-01-30T13:22:00Z,5.00,1.26,30.79,47.04,8.00,1.05,1.00,2.80
2026-01-30T13:23:00Z,5.00,1.26,51.77,45.81,8.00,1.05,1.00,2.80
2026-01-30T13:31:00Z,5.00,1.26,51.77,45.81,8.00,6.92,1.00,2.80
2026-01-30T13:33:00Z,5.00,1.26,63.89,45.81,8.00,6.92,1.00,2.80
2026-01-30T13:34:00Z,5.00,1.26,69.23,45.81,8.00,6.92,1.00,2.80
2026-01-30T13:35:00Z,5.00,1.26,69.23,24.00,8.00,6.92,1.00,2.80
2026-01-30T13:36:00Z,5.00,1.26,69.23,22.69,8.00,6.92,1.00,2.80
2026-01-30T13:37:00Z,5.00,1.26,79.00,22.69,8.00,6.92,1.00,2.80
2026-01-30T13:40:00Z,5.00,4.00,71.00,22.69,8.00,6.92,1.00,2.80
2026-01-30T13:42:00Z,5.00,4.00,71.00,22.69,8.00,6.92,1.00,2.80
2026-01-30T13:44:00Z,5.00,4.00,71.00,23.02,8.00,6.92,1.00,2.80
2026-01-30T13:45:00Z,5.00,4.00,71.00,22.18,8.00,6.92,1.00,2.80
2026-01-30T13:53:00Z,5.00,4.00,71.00,15.59,8.00,6.92,1.00,2.80
2026-01-30T13:56:00Z,5.00,4.00,81.34,15.07,3.00,1.00,1.00,2.80
2026-01-30T13:57:00Z,5.00,4.00,85.00,15.00,2.93,1.00,1.00,2.80
2026-01-30T14:25:00Z,5.00,4.00,84.00,15.00,2.00,1.00,1.00,2.80
2026-01-30T14:27:00Z,5.00,4.00,51.20,15.00,2.00,1.00,1.00,2.80
2026-01-30T14:28:00Z,5.00,4.00,35.01,36.25,2.00,1.00,1.00,2.80
2026-01-30T14:30:00Z,5.00,4.00,30.00,67.22,2.00,1.00,1.00,2.80
2026-01-30T14:32:00Z,5.00,4.00,30.00,68.29,2.00,1.00,1.00,2.80
2026-01-30T14:35:00Z,5.00,4.00,30.00,67.00,2.00,1.00,1.00,2.80
2026-01-30T14:36:00Z,5.00,4.00,53.50,41.00,2.00,1.00,1.00,2.80
2026-01-30T14:37:00Z,5.00,1.00,53.00,40.62,6.00,1.00,1.00,2.80
2026-01-30T14:42:00Z,5.00,1.00,53.00,40.62,6.00,1.00,1.41,2.80
2026-01-30T14:44:00Z,5.00,1.00,58.71,37.60,6.00,1.00,1.41,2.80
2026-01-30T14:50:00Z,5.00,1.00,55.12,52.68,3.00,1.00,1.41,2.80
2026-01-30T14:51:00Z,5.00,1.00,55.12,34.71,3.00,1.00,1.41,2.80
2026-01-30T14:52:00Z,5.00,1.00,62.40,34.71,3.00,1.00,1.41,2.80
2026-01-30T14:53:00Z,5.00,1.00,62.40,51.00,3.00,1.00,1.41,2.80
2026-01-30T14:54:00Z,5.00,1.00,62.40,51.00,3.00,1.00,1.41,2.80
2026-01-30T15:00:00Z,1.00,3.00,62.40,51.00,3.00,1.00,2.00,1.00
2026-01-30T15:01:00Z,1.00,3.00,62.40,51.00,41.00,4.89,2.00,1.00
2026-01-30T15:02:00Z,1.00,3.00,62.40,51.00,41.00,4.89,2.00,1.00
2026-01-30T15:05:00Z,1.00,3.00,37.39,66.00,3.22,1.37,2.00,1.00
2026-01-30T15:12:00Z,1.00,3.00,52.41,66.00,3.22,1.37,2.00,1.00
2026-01-30T15:14:00Z,1.00,3.00,52.41,64.00,3.22,1.37,2.00,1.00
2026-01-30T15:16:00Z,1.00,3.00,47.64,59.76,4.00,1.00,2.00,1.00
2026-01-30T15:20:00Z,1.00,3.00,31.04,56.00,21.00,1.00,2.00,1.00
2026-01-30T15:23:00Z,1.00,3.00,31.04,65.00,21.00,1.00,2.00,1.00
2026-01-30T15:24:00Z,1.00,3.00,43.84,55.33,4.00,1.00,2.00,1.00
2026-01-30T15:25:00Z,1.00,3.00,43.84,53.00,4.00,1.00,2.00,1.00
2026-01-30T15:26:00Z,1.00,3.00,66.74,53.00,4.00,1.00,2.00,1.00
2026-01-30T15:27:00Z,1.00,3.00,92.00,34.00,3.00,1.00,2.00,1.00
2026-01-30T15:30:00Z,1.00,3.00,92.00,24.50,3.00,1.00,2.00,1.00
2026-01-30T15:33:00Z,1.00,3.00,88.23,24.50,3.00,1.00,2.00,1.00
2026-01-30T15:34:00Z,1.00,3.00,88.23,25.96,3.00,1.00,2.00,1.00
2026-01-30T15:42:00Z,1.00,3.00,88.23,25.96,3.00,1.00,2.00,1.00
2026-01-30T15:43:00Z,1.31,3.00,88.23,25.96,3.00,1.00,2.00,1.00
2026-01-30T15:46:00Z,1.31,3.00,88.23,25.96,2.36,1.00,2.00,1.00
2026-01-30T15:47:00Z,1.31,3.00,46.07,48.35,2.00,1.00,2.00,1.00
2026-01-30T15:48:00Z,1.84,3.00,16.13,81.00,1.05,1.00,2.00,1.00
2026-01-30T15:49:00Z,1.89,3.00,16.13,81.00,1.05,1.00,2.00,1.00
2026-01-30T15:50:00Z,1.89,3.00,31.92,71.69,1.05,1.00,2.00,1.00
2026-01-30T15:51:00Z,1.89,3.00,45.14,59.38,1.05,1.00,2.00,1.00
2026-01-30T15:52:00Z,1.89,3.00,49.98,45.54,1.05,1.00,2.00,1.00
2026-01-30T15:53:00Z,4.13,3.00,60.35,54.82,1.05,1.00,2.00,1.00
2026-01-30T15:54:00Z,5.00,1.00,60.00,37.00,1.05,1.00,2.00,1.00
2026-01-30T15:55:00Z,5.00,1.00,60.00,37.00,1.05,1.00,2.00,1.00
2026-01-30T15:57:00Z,5.00,1.00,85.80,13.00,1.05,1.00,2.00,1.00
2026-01-30T15:58:00Z,5.00,1.00,85.80,8.38,1.05,1.00,2.00,1.00
2026-01-30T15:59:00Z,5.00,1.00,88.93,8.73,1.05,1.00,2.00,1.00
2026-01-30T16:00:00Z,5.00,1.00,89.00,34.28,1.05,1.00,2.00,1.00