timestamp,event_type,magnitude,duration,price_before,price_after,price_change,pct_change,description
2026-01-26 00:04:00+00:00,BOOST,MAJOR,1 minute,8.0,19.25,11.25,140.625,BOOST: +11.25¢ in 1 minute
2026-01-26 00:04:00+00:00,BOOST,MAJOR,5 minutes,8.0,19.25,11.25,140.625,BOOST: +11.25¢ over 5 minutes
2026-01-26 00:09:00+00:00,DECREASE,MAJOR,5 minutes,19.25,9.0,-10.25,-53.24675324675325,DECREASE: -10.25¢ over 5 minutes
2026-01-26 00:06:00+00:00,BOOST,LARGE,5 minutes,8.0,17.79,9.79,122.37499999999999,BOOST: +9.79¢ over 5 minutes
2026-01-26 00:05:00+00:00,BOOST,LARGE,5 minutes,8.0,17.51,9.510000000000002,118.87500000000001,BOOST: +9.51¢ over 5 minutes
2026-01-26 00:07:00+00:00,BOOST,LARGE,5 minutes,8.0,16.96,8.96,112.00000000000001,BOOST: +8.96¢ over 5 minutes
2026-01-26 00:08:00+00:00,BOOST,LARGE,5 minutes,8.0,16.0,8.0,100.0,BOOST: +8.00¢ over 5 minutes
2026-01-26 00:26:00+00:00,DECREASE,LARGE,5 minutes,16.0,8.25,-7.75,-48.4375,DECREASE: -7.75¢ over 5 minutes
2026-01-26 00:29:00+00:00,DECREASE,LARGE,5 minutes,16.0,8.57,-7.43,-46.4375,DECREASE: -7.43¢ over 5 minutes
2026-01-26 00:09:00+00:00,DECREASE,LARGE,1 minute,16.0,9.0,-7.0,-43.75,DECREASE: -7.00¢ in 1 minute
2026-01-26 00:10:00+00:00,BOOST,LARGE,1 minute,9.0,16.0,7.0,77.77777777777777,BOOST: +7.00¢ in 1 minute
2026-01-26 00:13:00+00:00,DECREASE,LARGE,1 minute,16.0,9.0,-7.0,-43.75,DECREASE: -7.00¢ in 1 minute
2026-01-26 00:15:00+00:00,BOOST,LARGE,1 minute,9.0,16.0,7.0,77.77777777777777,BOOST: +7.00¢ in 1 minute
2026-01-26 00:18:00+00:00,DECREASE,LARGE,1 minute,16.0,9.0,-7.0,-43.75,DECREASE: -7.00¢ in 1 minute
2026-01-26 00:13:00+00:00,DECREASE,LARGE,5 minutes,16.0,9.0,-7.0,-43.75,DECREASE: -7.00¢ over 5 minutes
2026-01-26 00:27:00+00:00,DECREASE,LARGE,5 minutes,16.0,9.8,-6.199999999999999,-38.74999999999999,DECREASE: -6.20¢ over 5 minutes
2026-01-26 00:26:00+00:00,DECREASE,MODERATE,1 minute,13.0,8.25,-4.75,-36.53846153846154,DECREASE: -4.75¢ in 1 minute
2026-01-26 00:19:00+00:00,BOOST,MODERATE,1 minute,9.0,13.0,4.0,44.44444444444444,BOOST: +4.00¢ in 1 minute
2026-01-26 02:53:00+00:00,DECREASE,MODERATE,1 minute,11.0,7.0,-4.0,-36.36363636363637,DECREASE: -4.00¢ in 1 minute
2026-01-25 23:56:00+00:00,BOOST,MODERATE,5 minutes,4.0,8.0,4.0,100.0,BOOST: +4.00¢ over 5 minutes
2026-01-26 00:19:00+00:00,BOOST,MODERATE,5 minutes,9.0,13.0,4.0,44.44444444444444,BOOST: +4.00¢ over 5 minutes
2026-01-26 00:31:00+00:00,DECREASE,MODERATE,5 minutes,13.0,9.0,-4.0,-30.76923076923077,DECREASE: -4.00¢ over 5 minutes
2026-01-26 02:53:00+00:00,DECREASE,MODERATE,5 minutes,11.0,7.0,-4.0,-36.36363636363637,DECREASE: -4.00¢ over 5 minutes
2026-01-26 02:58:00+00:00,BOOST,MODERATE,5 minutes,7.0,11.0,4.0,57.14285714285714,BOOST: +4.00¢ over 5 minutes
2026-01-26 03:01:00+00:00,BOOST,MODERATE,5 minutes,7.0,11.0,4.0,57.14285714285714,BOOST: +4.00¢ over 5 minutes
2026-01-19 18:26:00+00:00,BOOST,MODERATE,5 minutes,5.0,8.94,3.9399999999999995,78.79999999999998,BOOST: +3.94¢ over 5 minutes
2026-01-19 18:33:00+00:00,BOOST,MODERATE,5 minutes,5.0,8.94,3.9399999999999995,78.79999999999998,BOOST: +3.94¢ over 5 minutes
2026-01-26 02:57:00+00:00,BOOST,MODERATE,1 minute,7.0,10.91,3.91,55.85714285714285,BOOST: +3.91¢ in 1 minute
2026-01-26 02:54:00+00:00,DECREASE,MODERATE,5 minutes,11.0,7.59,-3.41,-31.000000000000007,DECREASE: -3.41¢ over 5 minutes
2026-01-19 18:34:00+00:00,BOOST,MODERATE,5 minutes,5.68,9.0,3.3200000000000003,58.450704225352126,BOOST: +3.32¢ over 5 minutes
2026-01-26 02:59:00+00:00,BOOST,MODERATE,5 minutes,7.59,10.87,3.2799999999999994,43.21475625823452,BOOST: +3.28¢ over 5 minutes
2026-01-18 02:37:00+00:00,BOOST,MODERATE,1 minute,2.0,5.0,3.0,150.0,BOOST: +3.00¢ in 1 minute
2026-01-19 23:21:00+00:00,DECREASE,MODERATE,1 minute,9.0,6.0,-3.0,-33.333333333333336,DECREASE: -3.00¢ in 1 minute
2026-01-19 23:48:00+00:00,BOOST,MODERATE,1 minute,6.0,9.0,3.0,50.0,BOOST: +3.00¢ in 1 minute
2026-01-26 02:56:00+00:00,DECREASE,MODERATE,1 minute,10.0,7.0,-3.0,-30.000000000000004,DECREASE: -3.00¢ in 1 minute
2026-01-18 02:37:00+00:00,BOOST,MODERATE,5 minutes,2.0,5.0,3.0,150.0,BOOST: +3.00¢ over 5 minutes
2026-01-18 02:40:00+00:00,BOOST,MODERATE,5 minutes,2.0,5.0,3.0,150.0,BOOST: +3.00¢ over 5 minutes
2026-01-18 02:42:00+00:00,BOOST,MODERATE,5 minutes,2.0,5.0,3.0,150.0,BOOST: +3.00¢ over 5 minutes
2026-01-18 02:47:00+00:00,BOOST,MODERATE,5 minutes,2.0,5.0,3.0,150.0,BOOST: +3.00¢ over 5 minutes
2026-01-18 02:48:00+00:00,BOOST,MODERATE,5 minutes,2.0,5.0,3.0,150.0,BOOST: +3.00¢ over 5 minutes
2026-01-19 18:12:00+00:00,BOOST,MODERATE,5 minutes,4.0,7.0,3.0,75.0,BOOST: +3.00¢ over 5 minutes
2026-01-19 18:35:00+00:00,BOOST,MODERATE,5 minutes,6.0,9.0,3.0,50.0,BOOST: +3.00¢ over 5 minutes
2026-01-19 23:43:00+00:00,DECREASE,MODERATE,5 minutes,9.0,6.0,-3.0,-33.333333333333336,DECREASE: -3.00¢ over 5 minutes
2026-01-20 00:23:00+00:00,BOOST,MODERATE,5 minutes,6.0,9.0,3.0,50.0,BOOST: +3.00¢ over 5 minutes
2026-01-20 00:24:00+00:00,BOOST,MODERATE,5 minutes,6.0,9.0,3.0,50.0,BOOST: +3.00¢ over 5 minutes
2026-01-25 23:48:00+00:00,DECREASE,MODERATE,5 minutes,7.0,4.0,-3.0,-42.85714285714286,DECREASE: -3.00¢ over 5 minutes
2026-01-26 02:56:00+00:00,DECREASE,MODERATE,5 minutes,10.0,7.0,-3.0,-30.000000000000004,DECREASE: -3.00¢ over 5 minutes
2026-01-26 02:55:00+00:00,BOOST,MODERATE,1 minute,7.59,10.0,2.41,31.752305665349144,BOOST: +2.41¢ in 1 minute
2026-01-25 23:58:00+00:00,BOOST,MODERATE,5 minutes,5.6,8.0,2.4000000000000004,42.85714285714286,BOOST: +2.40¢ over 5 minutes
2026-01-26 03:08:00+00:00,DECREASE,MODERATE,1 minute,12.0,9.61,-2.3900000000000006,-19.91666666666667,DECREASE: -2.39¢ in 1 minute
2026-01-25 23:48:00+00:00,DECREASE,MODERATE,1 minute,6.0,4.0,-2.0,-33.333333333333336,DECREASE: -2.00¢ in 1 minute
2026-01-26 02:44:00+00:00,BOOST,MODERATE,1 minute,9.0,11.0,2.0,22.222222222222232,BOOST: +2.00¢ in 1 minute
2026-01-26 03:18:00+00:00,BOOST,MODERATE,1 minute,9.0,11.0,2.0,22.222222222222232,BOOST: +2.00¢ in 1 minute
2026-01-26 12:50:00+00:00,BOOST,MODERATE,1 minute,8.0,10.0,2.0,25.0,BOOST: +2.00¢ in 1 minute
2026-01-19 18:11:00+00:00,BOOST,MODERATE,5 minutes,4.0,6.0,2.0,50.0,BOOST: +2.00¢ over 5 minutes
2026-01-25 23:52:00+00:00,BOOST,MODERATE,5 minutes,6.0,8.0,2.0,33.33333333333333,BOOST: +2.00¢ over 5 minutes
2026-01-25 23:53:00+00:00,BOOST,MODERATE,5 minutes,6.0,8.0,2.0,33.33333333333333,BOOST: +2.00¢ over 5 minutes
2026-01-19 18:26:00+00:00,BOOST,MODERATE,1 minute,7.0,8.94,1.9399999999999995,27.714285714285715,BOOST: +1.94¢ in 1 minute
2026-01-25 23:50:00+00:00,BOOST,MODERATE,1 minute,4.0,5.6,1.5999999999999996,39.99999999999999,BOOST: +1.60¢ in 1 minute
2026-01-25 23:51:00+00:00,BOOST,MODERATE,1 minute,5.6,7.0,1.4000000000000004,25.0,BOOST: +1.40¢ in 1 minute
2026-01-12 22:08:00+00:00,DECREASE,MODERATE,1 minute,4.0,3.0,-1.0,-25.0,DECREASE: -1.00¢ in 1 minute
2026-01-14 15:17:00+00:00,DECREASE,MODERATE,1 minute,3.0,2.0,-1.0,-33.333333333333336,DECREASE: -1.00¢ in 1 minute
2026-01-19 18:01:00+00:00,BOOST,MODERATE,1 minute,4.0,5.0,1.0,25.0,BOOST: +1.00¢ in 1 minute
2026-01-14 15:17:00+00:00,DECREASE,MODERATE,5 minutes,3.0,2.0,-1.0,-33.333333333333336,DECREASE: -1.00¢ over 5 minutes
2026-01-14 15:22:00+00:00,DECREASE,MODERATE,5 minutes,3.0,2.0,-1.0,-33.333333333333336,DECREASE: -1.00¢ over 5 minutes
2026-01-14 15:27:00+00:00,DECREASE,MODERATE,5 minutes,3.0,2.0,-1.0,-33.333333333333336,DECREASE: -1.00¢ over 5 minutes
2026-01-14 15:49:00+00:00,DECREASE,MODERATE,5 minutes,3.0,2.0,-1.0,-33.333333333333336,DECREASE: -1.00¢ over 5 minutes
2026-01-14 15:58:00+00:00,DECREASE,MODERATE,5 minutes,3.0,2.0,-1.0,-33.333333333333336,DECREASE: -1.00¢ over 5 minutes
